Workbook

Sheet 使い方
A1: BOOTH売上CSVを貼るだけ 月次集計シート【無料版】
A2: by 無駄尾なくす ― めんどくさいので、なくします。
A4: ■ できること
A5: BOOTHの「売上管理CSV」を貼り付けるだけで、月ごとの 売上（小計）・送料・BOOTH手数料・受取金額 を自動で集計します。
A7: ■ 使い方（3ステップ）
A8: 1. BOOTHのショップ管理 →「売上管理」から、集計したい月の売上管理CSVをダウンロードする（1回につき最大31日分）。
A9: 2. CSVを開いて全体をコピーし、「貼り付け」シートのA1セルに貼る。2か月目以降は、前のデータの下の空いている行に、見出し行ごと貼ってOK。
A10: 3. 「月次集計」シートの年（B3セル）を選ぶ。月ごとの数字が自動で出ます。
A12: ■ うまく集計されないとき
A13: 「月次集計」シートの「読み取った列」に「見つかりません」と出ている場合、CSVの見出し名が想定と違います。お手数ですが購入ページのメッセージ機能などでお知らせください。
A14: 日付が文字列の形（例：2026/1/5）の場合も読み取りますが、うまくいかない場合はお知らせください。
A15: 貼り付けできるのは3,000行までです。
... A28: 欲しい方は、BOOTHでショップをフォローしておいてください。公開したらお知らせします。

Sheet 月次集計
A1: BOOTH 月次集計
A3: 集計する年 | B3: 2026
A5: 月 | B5: 明細の行数 | C5: 売上（小計） | D5: 送料 | E5: BOOTH手数料 | F5: 受取金額
A6: 1月 | B6: =COUNTIFS(計算!$G$3:$G$3002,$B$3,計算!$H$3:$H$3002,1) | C6: =SUMIFS(計算!$C$3:$C$3002,計算!$G$3:$G$3002,$B$3,計算!$H$3:$H$3002,1) | D6: =SUMIFS(計算!$D$3:$D$3002,計算!$G$3:$G$3002,$B$3,計算!$H$3:$H$3002,1) | E6: =SUMIFS(計算!$E$3:$E$3002,計算!$G$3:$G$3002,$B$3,計算!$H$3:$H$3002,1) | F6: =SUMIFS(計算!$F$3:$F$3002,計算!$G$3:$G$3002,$B$3,計算!$H$3:$H$3002,1)
A7: 2月 | B7: =COUNTIFS(計算!$G$3:$G$3002,$B$3,計算!$H$3:$H$3002,2) | C7: =SUMIFS(計算!$C$3:$C$3002,計算!$G$3:$G$3002,$B$3,計算!$H$3:$H$3002,2) | D7: =SUMIFS(計算!$D$3:$D$3002,計算!$G$3:$G$3002,$B$3,計算!$H$3:$H$3002,2) | E7: =SUMIFS(計算!$E$3:$E$3002,計算!$G$3:$G$3002,$B$3,計算!$H$3:$H$3002,2) | F7: =SUMIFS(計算!$F$3:$F$3002,計算!$G$3:$G$3002,$B$3,計算!$H$3:$H$3002,2)
A8: 3月 | B8: =COUNTIFS(計算!$G$3:$G$3002,$B$3,計算!$H$3:$H$3002,3) | C8: =SUMIFS(計算!$C$3:$C$3002,計算!$G$3:$G$3002,$B$3,計算!$H$3:$H$3002,3) | D8: =SUMIFS(計算!$D$3:$D$3002,計算!$G$3:$G$3002,$B$3,計算!$H$3:$H$3002,3) | E8: =SUMIFS(計算!$E$3:$E$3002,計算!$G$3:$G$3002,$B$3,計算!$H$3:$H$3002,3) | F8: =SUMIFS(計算!$F$3:$F$3002,計算!$G$3:$G$3002,$B$3,計算!$H$3:$H$3002,3)
A9: 4月 | B9: =COUNTIFS(計算!$G$3:$G$3002,$B$3,計算!$H$3:$H$3002,4) | C9: =SUMIFS(計算!$C$3:$C$3002,計算!$G$3:$G$3002,$B$3,計算!$H$3:$H$3002,4) | D9: =SUMIFS(計算!$D$3:$D$3002,計算!$G$3:$G$3002,$B$3,計算!$H$3:$H$3002,4) | E9: =SUMIFS(計算!$E$3:$E$3002,計算!$G$3:$G$3002,$B$3,計算!$H$3:$H$3002,4) | F9: =SUMIFS(計算!$F$3:$F$3002,計算!$G$3:$G$3002,$B$3,計算!$H$3:$H$3002,4)
A10: 5月 | B10: =COUNTIFS(計算!$G$3:$G$3002,$B$3,計算!$H$3:$H$3002,5) | C10: =SUMIFS(計算!$C$3:$C$3002,計算!$G$3:$G$3002,$B$3,計算!$H$3:$H$3002,5) | D10: =SUMIFS(計算!$D$3:$D$3002,計算!$G$3:$G$3002,$B$3,計算!$H$3:$H$3002,5) | E10: =SUMIFS(計算!$E$3:$E$3002,計算!$G$3:$G$3002,$B$3,計算!$H$3:$H$3002,5) | F10: =SUMIFS(計算!$F$3:$F$3002,計算!$G$3:$G$3002,$B$3,計算!$H$3:$H$3002,5)
A11: 6月 | B11: =COUNTIFS(計算!$G$3:$G$3002,$B$3,計算!$H$3:$H$3002,6) | C11: =SUMIFS(計算!$C$3:$C$3002,計算!$G$3:$G$3002,$B$3,計算!$H$3:$H$3002,6) | D11: =SUMIFS(計算!$D$3:$D$3002,計算!$G$3:$G$3002,$B$3,計算!$H$3:$H$3002,6) | E11: =SUMIFS(計算!$E$3:$E$3002,計算!$G$3:$G$3002,$B$3,計算!$H$3:$H$3002,6) | F11: =SUMIFS(計算!$F$3:$F$3002,計算!$G$3:$G$3002,$B$3,計算!$H$3:$H$3002,6)
A12: 7月 | B12: =COUNTIFS(計算!$G$3:$G$3002,$B$3,計算!$H$3:$H$3002,7) | C12: =SUMIFS(計算!$C$3:$C$3002,計算!$G$3:$G$3002,$B$3,計算!$H$3:$H$3002,7) | D12: =SUMIFS(計算!$D$3:$D$3002,計算!$G$3:$G$3002,$B$3,計算!$H$3:$H$3002,7) | E12: =SUMIFS(計算!$E$3:$E$3002,計算!$G$3:$G$3002,$B$3,計算!$H$3:$H$3002,7) | F12: =SUMIFS(計算!$F$3:$F$3002,計算!$G$3:$G$3002,$B$3,計算!$H$3:$H$3002,7)
A13: 8月 | B13: =COUNTIFS(計算!$G$3:$G$3002,$B$3,計算!$H$3:$H$3002,8) | C13: =SUMIFS(計算!$C$3:$C$3002,計算!$G$3:$G$3002,$B$3,計算!$H$3:$H$3002,8) | D13: =SUMIFS(計算!$D$3:$D$3002,計算!$G$3:$G$3002,$B$3,計算!$H$3:$H$3002,8) | E13: =SUMIFS(計算!$E$3:$E$3002,計算!$G$3:$G$3002,$B$3,計算!$H$3:$H$3002,8) | F13: =SUMIFS(計算!$F$3:$F$3002,計算!$G$3:$G$3002,$B$3,計算!$H$3:$H$3002,8)
A14: 9月 | B14: =COUNTIFS(計算!$G$3:$G$3002,$B$3,計算!$H$3:$H$3002,9) | C14: =SUMIFS(計算!$C$3:$C$3002,計算!$G$3:$G$3002,$B$3,計算!$H$3:$H$3002,9) | D14: =SUMIFS(計算!$D$3:$D$3002,計算!$G$3:$G$3002,$B$3,計算!$H$3:$H$3002,9) | E14: =SUMIFS(計算!$E$3:$E$3002,計算!$G$3:$G$3002,$B$3,計算!$H$3:$H$3002,9) | F14: =SUMIFS(計算!$F$3:$F$3002,計算!$G$3:$G$3002,$B$3,計算!$H$3:$H$3002,9)
A15: 10月 | B15: =COUNTIFS(計算!$G$3:$G$3002,$B$3,計算!$H$3:$H$3002,10) | C15: =SUMIFS(計算!$C$3:$C$3002,計算!$G$3:$G$3002,$B$3,計算!$H$3:$H$3002,10) | D15: =SUMIFS(計算!$D$3:$D$3002,計算!$G$3:$G$3002,$B$3,計算!$H$3:$H$3002,10) | E15: =SUMIFS(計算!$E$3:$E$3002,計算!$G$3:$G$3002,$B$3,計算!$H$3:$H$3002,10) | F15: =SUMIFS(計算!$F$3:$F$3002,計算!$G$3:$G$3002,$B$3,計算!$H$3:$H$3002,10)
A16: 11月 | B16: =COUNTIFS(計算!$G$3:$G$3002,$B$3,計算!$H$3:$H$3002,11) | C16: =SUMIFS(計算!$C$3:$C$3002,計算!$G$3:$G$3002,$B$3,計算!$H$3:$H$3002,11) | D16: =SUMIFS(計算!$D$3:$D$3002,計算!$G$3:$G$3002,$B$3,計算!$H$3:$H$3002,11) | E16: =SUMIFS(計算!$E$3:$E$3002,計算!$G$3:$G$3002,$B$3,計算!$H$3:$H$3002,11) | F16: =SUMIFS(計算!$F$3:$F$3002,計算!$G$3:$G$3002,$B$3,計算!$H$3:$H$3002,11)
A17: 12月 | B17: =COUNTIFS(計算!$G$3:$G$3002,$B$3,計算!$H$3:$H$3002,12) | C17: =SUMIFS(計算!$C$3:$C$3002,計算!$G$3:$G$3002,$B$3,計算!$H$3:$H$3002,12) | D17: =SUMIFS(計算!$D$3:$D$3002,計算!$G$3:$G$3002,$B$3,計算!$H$3:$H$3002,12) | E17: =SUMIFS(計算!$E$3:$E$3002,計算!$G$3:$G$3002,$B$3,計算!$H$3:$H$3002,12) | F17: =SUMIFS(計算!$F$3:$F$3002,計算!$G$3:$G$3002,$B$3,計算!$H$3:$H$3002,12)
A18: 年間合計 | B18: =SUM(B6:B17) | C18: =SUM(C6:C17) | D18: =SUM(D6:D17) | E18: =SUM(E6:E17) | F18: =SUM(F6:F17)
A20: 手数料の割合（手数料÷売上） | C20: =IF(C18=0,"",E18/C18)
A22: 読み取った列（「見つかりません」がないか確認）
A23: 日時 | B23: =IF(計算!B1=0,"見つかりません",INDEX(貼り付け!$A$1:$BZ$1,1,計算!B1))
A24: 小計 | B24: =IF(計算!C1=0,"見つかりません",INDEX(貼り付け!$A$1:$BZ$1,1,計算!C1))
A25: 送料 | B25: =IF(計算!D1=0,"見つかりません",INDEX(貼り付け!$A$1:$BZ$1,1,計算!D1))
A26: 手数料 | B26: =IF(計算!E1=0,"見つかりません",INDEX(貼り付け!$A$1:$BZ$1,1,計算!E1))
A27: 受取金額 | B27: =IF(計算!F1=0,"見つかりません",INDEX(貼り付け!$A$1:$BZ$1,1,計算!F1))
A29: ※ 確定申告の内容の正しさは保証しません。BOOTHの管理画面・入金記録と照らし合わせて確認してください。
A30: 有料版（準備中）：note・FANBOX・Skebなどの売上の年間まとめ、経費シート、商品別ランキング

Sheet 貼り付け

Sheet 計算
A1: 列番号 | B1: =IFERROR(MATCH("*注文日時*",貼り付け!$A$1:$BZ$1,0),0) | C1: =IFERROR(MATCH("*小計*",貼り付け!$A$1:$BZ$1,0),0) | D1: =IFERROR(MATCH("*送料*",貼り付け!$A$1:$BZ$1,0),0) | E1: =IFERROR(MATCH("*手数料*",貼り付け!$A$1:$BZ$1,0),0) | F1: =IFERROR(MATCH("*受取*",貼り付け!$A$1:$BZ$1,0),0)
B2: 日時 | C2: 小計 | D2: 送料 | E2: 手数料 | F2: 受取金額 | G2: 年 | H2: 月
B3: =IFERROR(IF($B$1=0,"",IF(INDEX(貼り付け!$A$1:$BZ$3001,2,$B$1)="","",IF(ISNUMBER(INDEX(貼り付け!$A$1:$BZ$3001,2,$B$1)),INT(INDEX(貼り付け!$A$1:$BZ$3001,2,$B$1)),DATE(VALUE(LEFT(I3,FIND("-",I3)-1)),VALUE(LEFT(J3,FIND("-",J3)-1)),VALUE(MID(J3,FIND("-",J3)+1,99)))))),"") | C3: =IF($C$1=0,0,IFERROR(VALUE(SUBSTITUTE(SUBSTITUTE(SUBSTITUTE(INDEX(貼り付け!$A$1:$BZ$3001,2,$C$1)&"",",",""),"¥",""),"￥","")),0)) | D3: =IF($D$1=0,0,IFERROR(VALUE(SUBSTITUTE(SUBSTITUTE(SUBSTITUTE(INDEX(貼り付け!$A$1:$BZ$3001,2,$D$1)&"",",",""),"¥",""),"￥","")),0)) | E3: =IF($E$1=0,0,IFERROR(VALUE(SUBSTITUTE(SUBSTITUTE(SUBSTITUTE(INDEX(貼り付け!$A$1:$BZ$3001,2,$E$1)&"",",",""),"¥",""),"￥","")),0)) | F3: =IF($F$1=0,0,IFERROR(VALUE(SUBSTITUTE(SUBSTITUTE(SUBSTITUTE(INDEX(貼り付け!$A$1:$BZ$3001,2,$F$1)&"",",",""),"¥",""),"￥","")),0)) | G3: =IF(ISNUMBER(B3),YEAR(B3),"") | H3: =IF(ISNUMBER(B3),MONTH(B3),"") | I3: =IFERROR(IF($B$1=0,"",IF(ISNUMBER(INDEX(貼り付け!$A$1:$BZ$3001,2,$B$1)),"",SUBSTITUTE(SUBSTITUTE(SUBSTITUTE(SUBSTITUTE(TRIM(LEFT(INDEX(貼り付け!$A$1:$BZ$3001,2,$B$1)&"",FIND(" ",TRIM(INDEX(貼り付け!$A$1:$BZ$3001,2,$B$1)&"")&" ")-1)),"/","-"),"年","-"),"月","-"),"日",""))),"") | J3: =IFERROR(MID(I3,FIND("-",I3)+1,99),"")
B4: =IFERROR(IF($B$1=0,"",IF(INDEX(貼り付け!$A$1:$BZ$3001,3,$B$1)="","",IF(ISNUMBER(INDEX(貼り付け!$A$1:$BZ$3001,3,$B$1)),INT(INDEX(貼り付け!$A$1:$BZ$3001,3,$B$1)),DATE(VALUE(LEFT(I4,FIND("-",I4)-1)),VALUE(LEFT(J4,FIND("-",J4)-1)),VALUE(MID(J4,FIND("-",J4)+1,99)))))),"") | C4: =IF($C$1=0,0,IFERROR(VALUE(SUBSTITUTE(SUBSTITUTE(SUBSTITUTE(INDEX(貼り付け!$A$1:$BZ$3001,3,$C$1)&"",",",""),"¥",""),"￥","")),0)) | D4: =IF($D$1=0,0,IFERROR(VALUE(SUBSTITUTE(SUBSTITUTE(SUBSTITUTE(INDEX(貼り付け!$A$1:$BZ$3001,3,$D$1)&"",",",""),"¥",""),"￥","")),0)) | E4: =IF($E$1=0,0,IFERROR(VALUE(SUBSTITUTE(SUBSTITUTE(SUBSTITUTE(INDEX(貼り付け!$A$1:$BZ$3001,3,$E$1)&"",",",""),"¥",""),"￥","")),0)) | F4: =IF($F$1=0,0,IFERROR(VALUE(SUBSTITUTE(SUBSTITUTE(SUBSTITUTE(INDEX(貼り付け!$A$1:$BZ$3001,3,$F$1)&"",",",""),"¥",""),"￥","")),0)) | G4: =IF(ISNUMBER(B4),YEAR(B4),"") | H4: =IF(ISNUMBER(B4),MONTH(B4),"") | I4: =IFERROR(IF($B$1=0,"",IF(ISNUMBER(INDEX(貼り付け!$A$1:$BZ$3001,3,$B$1)),"",SUBSTITUTE(SUBSTITUTE(SUBSTITUTE(SUBSTITUTE(TRIM(LEFT(INDEX(貼り付け!$A$1:$BZ$3001,3,$B$1)&"",FIND(" ",TRIM(INDEX(貼り付け!$A$1:$BZ$3001,3,$B$1)&"")&" ")-1)),"/","-"),"年","-"),"月","-"),"日",""))),"") | J4: =IFERROR(MID(I4,FIND("-",I4)+1,99),"")
B5: =IFERROR(IF($B$1=0,"",IF(INDEX(貼り付け!$A$1:$BZ$3001,4,$B$1)="","",IF(ISNUMBER(INDEX(貼り付け!$A$1:$BZ$3001,4,$B$1)),INT(INDEX(貼り付け!$A$1:$BZ$3001,4,$B$1)),DATE(VALUE(LEFT(I5,FIND("-",I5)-1)),VALUE(LEFT(J5,FIND("-",J5)-1)),VALUE(MID(J5,FIND("-",J5)+1,99)))))),"") | C5: =IF($C$1=0,0,IFERROR(VALUE(SUBSTITUTE(SUBSTITUTE(SUBSTITUTE(INDEX(貼り付け!$A$1:$BZ$3001,4,$C$1)&"",",",""),"¥",""),"￥","")),0)) | D5: =IF($D$1=0,0,IFERROR(VALUE(SUBSTITUTE(SUBSTITUTE(SUBSTITUTE(INDEX(貼り付け!$A$1:$BZ$3001,4,$D$1)&"",",",""),"¥",""),"￥","")),0)) | E5: =IF($E$1=0,0,IFERROR(VALUE(SUBSTITUTE(SUBSTITUTE(SUBSTITUTE(INDEX(貼り付け!$A$1:$BZ$3001,4,$E$1)&"",",",""),"¥",""),"￥","")),0)) | F5: =IF($F$1=0,0,IFERROR(VALUE(SUBSTITUTE(SUBSTITUTE(SUBSTITUTE(INDEX(貼り付け!$A$1:$BZ$3001,4,$F$1)&"",",",""),"¥",""),"￥","")),0)) | G5: =IF(ISNUMBER(B5),YEAR(B5),"") | H5: =IF(ISNUMBER(B5),MONTH(B5),"") | I5: =IFERROR(IF($B$1=0,"",IF(ISNUMBER(INDEX(貼り付け!$A$1:$BZ$3001,4,$B$1)),"",SUBSTITUTE(SUBSTITUTE(SUBSTITUTE(SUBSTITUTE(TRIM(LEFT(INDEX(貼り付け!$A$1:$BZ$3001,4,$B$1)&"",FIND(" ",TRIM(INDEX(貼り付け!$A$1:$BZ$3001,4,$B$1)&"")&" ")-1)),"/","-"),"年","-"),"月","-"),"日",""))),"") | J5: =IFERROR(MID(I5,FIND("-",I5)+1,99),"")
B6: =IFERROR(IF($B$1=0,"",IF(INDEX(貼り付け!$A$1:$BZ$3001,5,$B$1)="","",IF(ISNUMBER(INDEX(貼り付け!$A$1:$BZ$3001,5,$B$1)),INT(INDEX(貼り付け!$A$1:$BZ$3001,5,$B$1)),DATE(VALUE(LEFT(I6,FIND("-",I6)-1)),VALUE(LEFT(J6,FIND("-",J6)-1)),VALUE(MID(J6,FIND("-",J6)+1,99)))))),"") | C6: =IF($C$1=0,0,IFERROR(VALUE(SUBSTITUTE(SUBSTITUTE(SUBSTITUTE(INDEX(貼り付け!$A$1:$BZ$3001,5,$C$1)&"",",",""),"¥",""),"￥","")),0)) | D6: =IF($D$1=0,0,IFERROR(VALUE(SUBSTITUTE(SUBSTITUTE(SUBSTITUTE(INDEX(貼り付け!$A$1:$BZ$3001,5,$D$1)&"",",",""),"¥",""),"￥","")),0)) | E6: =IF($E$1=0,0,IFERROR(VALUE(SUBSTITUTE(SUBSTITUTE(SUBSTITUTE(INDEX(貼り付け!$A$1:$BZ$3001,5,$E$1)&"",",",""),"¥",""),"￥","")),0)) | F6: =IF($F$1=0,0,IFERROR(VALUE(SUBSTITUTE(SUBSTITUTE(SUBSTITUTE(INDEX(貼り付け!$A$1:$BZ$3001,5,$F$1)&"",",",""),"¥",""),"￥","")),0)) | G6: =IF(ISNUMBER(B6),YEAR(B6),"") | H6: =IF(ISNUMBER(B6),MONTH(B6),"") | I6: =IFERROR(IF($B$1=0,"",IF(ISNUMBER(INDEX(貼り付け!$A$1:$BZ$3001,5,$B$1)),"",SUBSTITUTE(SUBSTITUTE(SUBSTITUTE(SUBSTITUTE(TRIM(LEFT(INDEX(貼り付け!$A$1:$BZ$3001,5,$B$1)&"",FIND(" ",TRIM(INDEX(貼り付け!$A$1:$BZ$3001,5,$B$1)&"")&" ")-1)),"/","-"),"年","-"),"月","-"),"日",""))),"") | J6: =IFERROR(MID(I6,FIND("-",I6)+1,99),"")
B7: =IFERROR(IF($B$1=0,"",IF(INDEX(貼り付け!$A$1:$BZ$3001,6,$B$1)="","",IF(ISNUMBER(INDEX(貼り付け!$A$1:$BZ$3001,6,$B$1)),INT(INDEX(貼り付け!$A$1:$BZ$3001,6,$B$1)),DATE(VALUE(LEFT(I7,FIND("-",I7)-1)),VALUE(LEFT(J7,FIND("-",J7)-1)),VALUE(MID(J7,FIND("-",J7)+1,99)))))),"") | C7: =IF($C$1=0,0,IFERROR(VALUE(SUBSTITUTE(SUBSTITUTE(SUBSTITUTE(INDEX(貼り付け!$A$1:$BZ$3001,6,$C$1)&"",",",""),"¥",""),"￥","")),0)) | D7: =IF($D$1=0,0,IFERROR(VALUE(SUBSTITUTE(SUBSTITUTE(SUBSTITUTE(INDEX(貼り付け!$A$1:$BZ$3001,6,$D$1)&"",",",""),"¥",""),"￥","")),0)) | E7: =IF($E$1=0,0,IFERROR(VALUE(SUBSTITUTE(SUBSTITUTE(SUBSTITUTE(INDEX(貼り付け!$A$1:$BZ$3001,6,$E$1)&"",",",""),"¥",""),"￥","")),0)) | F7: =IF($F$1=0,0,IFERROR(VALUE(SUBSTITUTE(SUBSTITUTE(SUBSTITUTE(INDEX(貼り付け!$A$1:$BZ$3001,6,$F$1)&"",",",""),"¥",""),"￥","")),0)) | G7: =IF(ISNUMBER(B7),YEAR(B7),"") | H7: =IF(ISNUMBER(B7),MONTH(B7),"") | I7: =IFERROR(IF($B$1=0,"",IF(ISNUMBER(INDEX(貼り付け!$A$1:$BZ$3001,6,$B$1)),"",SUBSTITUTE(SUBSTITUTE(SUBSTITUTE(SUBSTITUTE(TRIM(LEFT(INDEX(貼り付け!$A$1:$BZ$3001,6,$B$1)&"",FIND(" ",TRIM(INDEX(貼り付け!$A$1:$BZ$3001,6,$B$1)&"")&" ")-1)),"/","-"),"年","-"),"月","-"),"日",""))),"") | J7: =IFERROR(MID(I7,FIND("-",I7)+1,99),"")
B8: =IFERROR(IF($B$1=0,"",IF(INDEX(貼り付け!$A$1:$BZ$3001,7,$B$1)="","",IF(ISNUMBER(INDEX(貼り付け!$A$1:$BZ$3001,7,$B$1)),INT(INDEX(貼り付け!$A$1:$BZ$3001,7,$B$1)),DATE(VALUE(LEFT(I8,FIND("-",I8)-1)),VALUE(LEFT(J8,FIND("-",J8)-1)),VALUE(MID(J8,FIND("-",J8)+1,99)))))),"") | C8: =IF($C$1=0,0,IFERROR(VALUE(SUBSTITUTE(SUBSTITUTE(SUBSTITUTE(INDEX(貼り付け!$A$1:$BZ$3001,7,$C$1)&"",",",""),"¥",""),"￥","")),0)) | D8: =IF($D$1=0,0,IFERROR(VALUE(SUBSTITUTE(SUBSTITUTE(SUBSTITUTE(INDEX(貼り付け!$A$1:$BZ$3001,7,$D$1)&"",",",""),"¥",""),"￥","")),0)) | E8: =IF($E$1=0,0,IFERROR(VALUE(SUBSTITUTE(SUBSTITUTE(SUBSTITUTE(INDEX(貼り付け!$A$1:$BZ$3001,7,$E$1)&"",",",""),"¥",""),"￥","")),0)) | F8: =IF($F$1=0,0,IFERROR(VALUE(SUBSTITUTE(SUBSTITUTE(SUBSTITUTE(INDEX(貼り付け!$A$1:$BZ$3001,7,$F$1)&"",",",""),"¥",""),"￥","")),0)) | G8: =IF(ISNUMBER(B8),YEAR(B8),"") | H8: =IF(ISNUMBER(B8),MONTH(B8),"") | I8: =IFERROR(IF($B$1=0,"",IF(ISNUMBER(INDEX(貼り付け!$A$1:$BZ$3001,7,$B$1)),"",SUBSTITUTE(SUBSTITUTE(SUBSTITUTE(SUBSTITUTE(TRIM(LEFT(INDEX(貼り付け!$A$1:$BZ$3001,7,$B$1)&"",FIND(" ",TRIM(INDEX(貼り付け!$A$1:$BZ$3001,7,$B$1)&"")&" ")-1)),"/","-"),"年","-"),"月","-"),"日",""))),"") | J8: =IFERROR(MID(I8,FIND("-",I8)+1,99),"")
B9: =IFERROR(IF($B$1=0,"",IF(INDEX(貼り付け!$A$1:$BZ$3001,8,$B$1)="","",IF(ISNUMBER(INDEX(貼り付け!$A$1:$BZ$3001,8,$B$1)),INT(INDEX(貼り付け!$A$1:$BZ$3001,8,$B$1)),DATE(VALUE(LEFT(I9,FIND("-",I9)-1)),VALUE(LEFT(J9,FIND("-",J9)-1)),VALUE(MID(J9,FIND("-",J9)+1,99)))))),"") | C9: =IF($C$1=0,0,IFERROR(VALUE(SUBSTITUTE(SUBSTITUTE(SUBSTITUTE(INDEX(貼り付け!$A$1:$BZ$3001,8,$C$1)&"",",",""),"¥",""),"￥","")),0)) | D9: =IF($D$1=0,0,IFERROR(VALUE(SUBSTITUTE(SUBSTITUTE(SUBSTITUTE(INDEX(貼り付け!$A$1:$BZ$3001,8,$D$1)&"",",",""),"¥",""),"￥","")),0)) | E9: =IF($E$1=0,0,IFERROR(VALUE(SUBSTITUTE(SUBSTITUTE(SUBSTITUTE(INDEX(貼り付け!$A$1:$BZ$3001,8,$E$1)&"",",",""),"¥",""),"￥","")),0)) | F9: =IF($F$1=0,0,IFERROR(VALUE(SUBSTITUTE(SUBSTITUTE(SUBSTITUTE(INDEX(貼り付け!$A$1:$BZ$3001,8,$F$1)&"",",",""),"¥",""),"￥","")),0)) | G9: =IF(ISNUMBER(B9),YEAR(B9),"") | H9: =IF(ISNUMBER(B9),MONTH(B9),"") | I9: =IFERROR(IF($B$1=0,"",IF(ISNUMBER(INDEX(貼り付け!$A$1:$BZ$3001,8,$B$1)),"",SUBSTITUTE(SUBSTITUTE(SUBSTITUTE(SUBSTITUTE(TRIM(LEFT(INDEX(貼り付け!$A$1:$BZ$3001,8,$B$1)&"",FIND(" ",TRIM(INDEX(貼り付け!$A$1:$BZ$3001,8,$B$1)&"")&" ")-1)),"/","-"),"年","-"),"月","-"),"日",""))),"") | J9: =IFERROR(MID(I9,FIND("-",I9)+1,99),"")
B10: =IFERROR(IF($B$1=0,"",IF(INDEX(貼り付け!$A$1:$BZ$3001,9,$B$1)="","",IF(ISNUMBER(INDEX(貼り付け!$A$1:$BZ$3001,9,$B$1)),INT(INDEX(貼り付け!$A$1:$BZ$3001,9,$B$1)),DATE(VALUE(LEFT(I10,FIND("-",I10)-1)),VALUE(LEFT(J10,FIND("-",J10)-1)),VALUE(MID(J10,FIND("-",J10)+1,99)))))),"") | C10: =IF($C$1=0,0,IFERROR(VALUE(SUBSTITUTE(SUBSTITUTE(SUBSTITUTE(INDEX(貼り付け!$A$1:$BZ$3001,9,$C$1)&"",",",""),"¥",""),"￥","")),0)) | D10: =IF($D$1=0,0,IFERROR(VALUE(SUBSTITUTE(SUBSTITUTE(SUBSTITUTE(INDEX(貼り付け!$A$1:$BZ$3001,9,$D$1)&"",",",""),"¥",""),"￥","")),0)) | E10: =IF($E$1=0,0,IFERROR(VALUE(SUBSTITUTE(SUBSTITUTE(SUBSTITUTE(INDEX(貼り付け!$A$1:$BZ$3001,9,$E$1)&"",",",""),"¥",""),"￥","")),0)) | F10: =IF($F$1=0,0,IFERROR(VALUE(SUBSTITUTE(SUBSTITUTE(SUBSTITUTE(INDEX(貼り付け!$A$1:$BZ$3001,9,$F$1)&"",",",""),"¥",""),"￥","")),0)) | G10: =IF(ISNUMBER(B10),YEAR(B10),"") | H10: =IF(ISNUMBER(B10),MONTH(B10),"") | I10: =IFERROR(IF($B$1=0,"",IF(ISNUMBER(INDEX(貼り付け!$A$1:$BZ$3001,9,$B$1)),"",SUBSTITUTE(SUBSTITUTE(SUBSTITUTE(SUBSTITUTE(TRIM(LEFT(INDEX(貼り付け!$A$1:$BZ$3001,9,$B$1)&"",FIND(" ",TRIM(INDEX(貼り付け!$A$1:$BZ$3001,9,$B$1)&"")&" ")-1)),"/","-"),"年","-"),"月","-"),"日",""))),"") | J10: =IFERROR(MID(I10,FIND("-",I10)+1,99),"")
B11: =IFERROR(IF($B$1=0,"",IF(INDEX(貼り付け!$A$1:$BZ$3001,10,$B$1)="","",IF(ISNUMBER(INDEX(貼り付け!$A$1:$BZ$3001,10,$B$1)),INT(INDEX(貼り付け!$A$1:$BZ$3001,10,$B$1)),DATE(VALUE(LEFT(I11,FIND("-",I11)-1)),VALUE(LEFT(J11,FIND("-",J11)-1)),VALUE(MID(J11,FIND("-",J11)+1,99)))))),"") | C11: =IF($C$1=0,0,IFERROR(VALUE(SUBSTITUTE(SUBSTITUTE(SUBSTITUTE(INDEX(貼り付け!$A$1:$BZ$3001,10,$C$1)&"",",",""),"¥",""),"￥","")),0)) | D11: =IF($D$1=0,0,IFERROR(VALUE(SUBSTITUTE(SUBSTITUTE(SUBSTITUTE(INDEX(貼り付け!$A$1:$BZ$3001,10,$D$1)&"",",",""),"¥",""),"￥","")),0)) | E11: =IF($E$1=0,0,IFERROR(VALUE(SUBSTITUTE(SUBSTITUTE(SUBSTITUTE(INDEX(貼り付け!$A$1:$BZ$3001,10,$E$1)&"",",",""),"¥",""),"￥","")),0)) | F11: =IF($F$1=0,0,IFERROR(VALUE(SUBSTITUTE(SUBSTITUTE(SUBSTITUTE(INDEX(貼り付け!$A$1:$BZ$3001,10,$F$1)&"",",",""),"¥",""),"￥","")),0)) | G11: =IF(ISNUMBER(B11),YEAR(B11),"") | H11: =IF(ISNUMBER(B11),MONTH(B11),"") | I11: =IFERROR(IF($B$1=0,"",IF(ISNUMBER(INDEX(貼り付け!$A$1:$BZ$3001,10,$B$1)),"",SUBSTITUTE(SUBSTITUTE(SUBSTITUTE(SUBSTITUTE(TRIM(LEFT(INDEX(貼り付け!$A$1:$BZ$3001,10,$B$1)&"",FIND(" ",TRIM(INDEX(貼り付け!$A$1:$BZ$3001,10,$B$1)&"")&" ")-1)),"/","-"),"年","-"),"月","-"),"日",""))),"") | J11: =IFERROR(MID(I11,FIND("-",I11)+1,99),"")
B12: =IFERROR(IF($B$1=0,"",IF(INDEX(貼り付け!$A$1:$BZ$3001,11,$B$1)="","",IF(ISNUMBER(INDEX(貼り付け!$A$1:$BZ$3001,11,$B$1)),INT(INDEX(貼り付け!$A$1:$BZ$3001,11,$B$1)),DATE(VALUE(LEFT(I12,FIND("-",I12)-1)),VALUE(LEFT(J12,FIND("-",J12)-1)),VALUE(MID(J12,FIND("-",J12)+1,99)))))),"") | C12: =IF($C$1=0,0,IFERROR(VALUE(SUBSTITUTE(SUBSTITUTE(SUBSTITUTE(INDEX(貼り付け!$A$1:$BZ$3001,11,$C$1)&"",",",""),"¥",""),"￥","")),0)) | D12: =IF($D$1=0,0,IFERROR(VALUE(SUBSTITUTE(SUBSTITUTE(SUBSTITUTE(INDEX(貼り付け!$A$1:$BZ$3001,11,$D$1)&"",",",""),"¥",""),"￥","")),0)) | E12: =IF($E$1=0,0,IFERROR(VALUE(SUBSTITUTE(SUBSTITUTE(SUBSTITUTE(INDEX(貼り付け!$A$1:$BZ$3001,11,$E$1)&"",",",""),"¥",""),"￥","")),0)) | F12: =IF($F$1=0,0,IFERROR(VALUE(SUBSTITUTE(SUBSTITUTE(SUBSTITUTE(INDEX(貼り付け!$A$1:$BZ$3001,11,$F$1)&"",",",""),"¥",""),"￥","")),0)) | G12: =IF(ISNUMBER(B12),YEAR(B12),"") | H12: =IF(ISNUMBER(B12),MONTH(B12),"") | I12: =IFERROR(IF($B$1=0,"",IF(ISNUMBER(INDEX(貼り付け!$A$1:$BZ$3001,11,$B$1)),"",SUBSTITUTE(SUBSTITUTE(SUBSTITUTE(SUBSTITUTE(TRIM(LEFT(INDEX(貼り付け!$A$1:$BZ$3001,11,$B$1)&"",FIND(" ",TRIM(INDEX(貼り付け!$A$1:$BZ$3001,11,$B$1)&"")&" ")-1)),"/","-"),"年","-"),"月","-"),"日",""))),"") | J12: =IFERROR(MID(I12,FIND("-",I12)+1,99),"")
B13: =IFERROR(IF($B$1=0,"",IF(INDEX(貼り付け!$A$1:$BZ$3001,12,$B$1)="","",IF(ISNUMBER(INDEX(貼り付け!$A$1:$BZ$3001,12,$B$1)),INT(INDEX(貼り付け!$A$1:$BZ$3001,12,$B$1)),DATE(VALUE(LEFT(I13,FIND("-",I13)-1)),VALUE(LEFT(J13,FIND("-",J13)-1)),VALUE(MID(J13,FIND("-",J13)+1,99)))))),"") | C13: =IF($C$1=0,0,IFERROR(VALUE(SUBSTITUTE(SUBSTITUTE(SUBSTITUTE(INDEX(貼り付け!$A$1:$BZ$3001,12,$C$1)&"",",",""),"¥",""),"￥","")),0)) | D13: =IF($D$1=0,0,IFERROR(VALUE(SUBSTITUTE(SUBSTITUTE(SUBSTITUTE(INDEX(貼り付け!$A$1:$BZ$3001,12,$D$1)&"",",",""),"¥",""),"￥","")),0)) | E13: =IF($E$1=0,0,IFERROR(VALUE(SUBSTITUTE(SUBSTITUTE(SUBSTITUTE(INDEX(貼り付け!$A$1:$BZ$3001,12,$E$1)&"",",",""),"¥",""),"￥","")),0)) | F13: =IF($F$1=0,0,IFERROR(VALUE(SUBSTITUTE(SUBSTITUTE(SUBSTITUTE(INDEX(貼り付け!$A$1:$BZ$3001,12,$F$1)&"",",",""),"¥",""),"￥","")),0)) | G13: =IF(ISNUMBER(B13),YEAR(B13),"") | H13: =IF(ISNUMBER(B13),MONTH(B13),"") | I13: =IFERROR(IF($B$1=0,"",IF(ISNUMBER(INDEX(貼り付け!$A$1:$BZ$3001,12,$B$1)),"",SUBSTITUTE(SUBSTITUTE(SUBSTITUTE(SUBSTITUTE(TRIM(LEFT(INDEX(貼り付け!$A$1:$BZ$3001,12,$B$1)&"",FIND(" ",TRIM(INDEX(貼り付け!$A$1:$BZ$3001,12,$B$1)&"")&" ")-1)),"/","-"),"年","-"),"月","-"),"日",""))),"") | J13: =IFERROR(MID(I13,FIND("-",I13)+1,99),"")
B14: =IFERROR(IF($B$1=0,"",IF(INDEX(貼り付け!$A$1:$BZ$3001,13,$B$1)="","",IF(ISNUMBER(INDEX(貼り付け!$A$1:$BZ$3001,13,$B$1)),INT(INDEX(貼り付け!$A$1:$BZ$3001,13,$B$1)),DATE(VALUE(LEFT(I14,FIND("-",I14)-1)),VALUE(LEFT(J14,FIND("-",J14)-1)),VALUE(MID(J14,FIND("-",J14)+1,99)))))),"") | C14: =IF($C$1=0,0,IFERROR(VALUE(SUBSTITUTE(SUBSTITUTE(SUBSTITUTE(INDEX(貼り付け!$A$1:$BZ$3001,13,$C$1)&"",",",""),"¥",""),"￥","")),0)) | D14: =IF($D$1=0,0,IFERROR(VALUE(SUBSTITUTE(SUBSTITUTE(SUBSTITUTE(INDEX(貼り付け!$A$1:$BZ$3001,13,$D$1)&"",",",""),"¥",""),"￥","")),0)) | E14: =IF($E$1=0,0,IFERROR(VALUE(SUBSTITUTE(SUBSTITUTE(SUBSTITUTE(INDEX(貼り付け!$A$1:$BZ$3001,13,$E$1)&"",",",""),"¥",""),"￥","")),0)) | F14: =IF($F$1=0,0,IFERROR(VALUE(SUBSTITUTE(SUBSTITUTE(SUBSTITUTE(INDEX(貼り付け!$A$1:$BZ$3001,13,$F$1)&"",",",""),"¥",""),"￥","")),0)) | G14: =IF(ISNUMBER(B14),YEAR(B14),"") | H14: =IF(ISNUMBER(B14),MONTH(B14),"") | I14: =IFERROR(IF($B$1=0,"",IF(ISNUMBER(INDEX(貼り付け!$A$1:$BZ$3001,13,$B$1)),"",SUBSTITUTE(SUBSTITUTE(SUBSTITUTE(SUBSTITUTE(TRIM(LEFT(INDEX(貼り付け!$A$1:$BZ$3001,13,$B$1)&"",FIND(" ",TRIM(INDEX(貼り付け!$A$1:$BZ$3001,13,$B$1)&"")&" ")-1)),"/","-"),"年","-"),"月","-"),"日",""))),"") | J14: =IFERROR(MID(I14,FIND("-",I14)+1,99),"")
B15: =IFERROR(IF($B$1=0,"",IF(INDEX(貼り付け!$A$1:$BZ$3001,14,$B$1)="","",IF(ISNUMBER(INDEX(貼り付け!$A$1:$BZ$3001,14,$B$1)),INT(INDEX(貼り付け!$A$1:$BZ$3001,14,$B$1)),DATE(VALUE(LEFT(I15,FIND("-",I15)-1)),VALUE(LEFT(J15,FIND("-",J15)-1)),VALUE(MID(J15,FIND("-",J15)+1,99)))))),"") | C15: =IF($C$1=0,0,IFERROR(VALUE(SUBSTITUTE(SUBSTITUTE(SUBSTITUTE(INDEX(貼り付け!$A$1:$BZ$3001,14,$C$1)&"",",",""),"¥",""),"￥","")),0)) | D15: =IF($D$1=0,0,IFERROR(VALUE(SUBSTITUTE(SUBSTITUTE(SUBSTITUTE(INDEX(貼り付け!$A$1:$BZ$3001,14,$D$1)&"",",",""),"¥",""),"￥","")),0)) | E15: =IF($E$1=0,0,IFERROR(VALUE(SUBSTITUTE(SUBSTITUTE(SUBSTITUTE(INDEX(貼り付け!$A$1:$BZ$3001,14,$E$1)&"",",",""),"¥",""),"￥","")),0)) | F15: =IF($F$1=0,0,IFERROR(VALUE(SUBSTITUTE(SUBSTITUTE(SUBSTITUTE(INDEX(貼り付け!$A$1:$BZ$3001,14,$F$1)&"",",",""),"¥",""),"￥","")),0)) | G15: =IF(ISNUMBER(B15),YEAR(B15),"") | H15: =IF(ISNUMBER(B15),MONTH(B15),"") | I15: =IFERROR(IF($B$1=0,"",IF(ISNUMBER(INDEX(貼り付け!$A$1:$BZ$3001,14,$B$1)),"",SUBSTITUTE(SUBSTITUTE(SUBSTITUTE(SUBSTITUTE(TRIM(LEFT(INDEX(貼り付け!$A$1:$BZ$3001,14,$B$1)&"",FIND(" ",TRIM(INDEX(貼り付け!$A$1:$BZ$3001,14,$B$1)&"")&" ")-1)),"/","-"),"年","-"),"月","-"),"日",""))),"") | J15: =IFERROR(MID(I15,FIND("-",I15)+1,99),"")
B16: =IFERROR(IF($B$1=0,"",IF(INDEX(貼り付け!$A$1:$BZ$3001,15,$B$1)="","",IF(ISNUMBER(INDEX(貼り付け!$A$1:$BZ$3001,15,$B$1)),INT(INDEX(貼り付け!$A$1:$BZ$3001,15,$B$1)),DATE(VALUE(LEFT(I16,FIND("-",I16)-1)),VALUE(LEFT(J16,FIND("-",J16)-1)),VALUE(MID(J16,FIND("-",J16)+1,99)))))),"") | C16: =IF($C$1=0,0,IFERROR(VALUE(SUBSTITUTE(SUBSTITUTE(SUBSTITUTE(INDEX(貼り付け!$A$1:$BZ$3001,15,$C$1)&"",",",""),"¥",""),"￥","")),0)) | D16: =IF($D$1=0,0,IFERROR(VALUE(SUBSTITUTE(SUBSTITUTE(SUBSTITUTE(INDEX(貼り付け!$A$1:$BZ$3001,15,$D$1)&"",",",""),"¥",""),"￥","")),0)) | E16: =IF($E$1=0,0,IFERROR(VALUE(SUBSTITUTE(SUBSTITUTE(SUBSTITUTE(INDEX(貼り付け!$A$1:$BZ$3001,15,$E$1)&"",",",""),"¥",""),"￥","")),0)) | F16: =IF($F$1=0,0,IFERROR(VALUE(SUBSTITUTE(SUBSTITUTE(SUBSTITUTE(INDEX(貼り付け!$A$1:$BZ$3001,15,$F$1)&"",",",""),"¥",""),"￥","")),0)) | G16: =IF(ISNUMBER(B16),YEAR(B16),"") | H16: =IF(ISNUMBER(B16),MONTH(B16),"") | I16: =IFERROR(IF($B$1=0,"",IF(ISNUMBER(INDEX(貼り付け!$A$1:$BZ$3001,15,$B$1)),"",SUBSTITUTE(SUBSTITUTE(SUBSTITUTE(SUBSTITUTE(TRIM(LEFT(INDEX(貼り付け!$A$1:$BZ$3001,15,$B$1)&"",FIND(" ",TRIM(INDEX(貼り付け!$A$1:$BZ$3001,15,$B$1)&"")&" ")-1)),"/","-"),"年","-"),"月","-"),"日",""))),"") | J16: =IFERROR(MID(I16,FIND("-",I16)+1,99),"")
B17: =IFERROR(IF($B$1=0,"",IF(INDEX(貼り付け!$A$1:$BZ$3001,16,$B$1)="","",IF(ISNUMBER(INDEX(貼り付け!$A$1:$BZ$3001,16,$B$1)),INT(INDEX(貼り付け!$A$1:$BZ$3001,16,$B$1)),DATE(VALUE(LEFT(I17,FIND("-",I17)-1)),VALUE(LEFT(J17,FIND("-",J17)-1)),VALUE(MID(J17,FIND("-",J17)+1,99)))))),"") | C17: =IF($C$1=0,0,IFERROR(VALUE(SUBSTITUTE(SUBSTITUTE(SUBSTITUTE(INDEX(貼り付け!$A$1:$BZ$3001,16,$C$1)&"",",",""),"¥",""),"￥","")),0)) | D17: =IF($D$1=0,0,IFERROR(VALUE(SUBSTITUTE(SUBSTITUTE(SUBSTITUTE(INDEX(貼り付け!$A$1:$BZ$3001,16,$D$1)&"",",",""),"¥",""),"￥","")),0)) | E17: =IF($E$1=0,0,IFERROR(VALUE(SUBSTITUTE(SUBSTITUTE(SUBSTITUTE(INDEX(貼り付け!$A$1:$BZ$3001,16,$E$1)&"",",",""),"¥",""),"￥","")),0)) | F17: =IF($F$1=0,0,IFERROR(VALUE(SUBSTITUTE(SUBSTITUTE(SUBSTITUTE(INDEX(貼り付け!$A$1:$BZ$3001,16,$F$1)&"",",",""),"¥",""),"￥","")),0)) | G17: =IF(ISNUMBER(B17),YEAR(B17),"") | H17: =IF(ISNUMBER(B17),MONTH(B17),"") | I17: =IFERROR(IF($B$1=0,"",IF(ISNUMBER(INDEX(貼り付け!$A$1:$BZ$3001,16,$B$1)),"",SUBSTITUTE(SUBSTITUTE(SUBSTITUTE(SUBSTITUTE(TRIM(LEFT(INDEX(貼り付け!$A$1:$BZ$3001,16,$B$1)&"",FIND(" ",TRIM(INDEX(貼り付け!$A$1:$BZ$3001,16,$B$1)&"")&" ")-1)),"/","-"),"年","-"),"月","-"),"日",""))),"") | J17: =IFERROR(MID(I17,FIND("-",I17)+1,99),"")
B18: =IFERROR(IF($B$1=0,"",IF(INDEX(貼り付け!$A$1:$BZ$3001,17,$B$1)="","",IF(ISNUMBER(INDEX(貼り付け!$A$1:$BZ$3001,17,$B$1)),INT(INDEX(貼り付け!$A$1:$BZ$3001,17,$B$1)),DATE(VALUE(LEFT(I18,FIND("-",I18)-1)),VALUE(LEFT(J18,FIND("-",J18)-1)),VALUE(MID(J18,FIND("-",J18)+1,99)))))),"") | C18: =IF($C$1=0,0,IFERROR(VALUE(SUBSTITUTE(SUBSTITUTE(SUBSTITUTE(INDEX(貼り付け!$A$1:$BZ$3001,17,$C$1)&"",",",""),"¥",""),"￥","")),0)) | D18: =IF($D$1=0,0,IFERROR(VALUE(SUBSTITUTE(SUBSTITUTE(SUBSTITUTE(INDEX(貼り付け!$A$1:$BZ$3001,17,$D$1)&"",",",""),"¥",""),"￥","")),0)) | E18: =IF($E$1=0,0,IFERROR(VALUE(SUBSTITUTE(SUBSTITUTE(SUBSTITUTE(INDEX(貼り付け!$A$1:$BZ$3001,17,$E$1)&"",",",""),"¥",""),"￥","")),0)) | F18: =IF($F$1=0,0,IFERROR(VALUE(SUBSTITUTE(SUBSTITUTE(SUBSTITUTE(INDEX(貼り付け!$A$1:$BZ$3001,17,$F$1)&"",",",""),"¥",""),"￥","")),0)) | G18: =IF(ISNUMBER(B18),YEAR(B18),"") | H18: =IF(ISNUMBER(B18),MONTH(B18),"") | I18: =IFERROR(IF($B$1=0,"",IF(ISNUMBER(INDEX(貼り付け!$A$1:$BZ$3001,17,$B$1)),"",SUBSTITUTE(SUBSTITUTE(SUBSTITUTE(SUBSTITUTE(TRIM(LEFT(INDEX(貼り付け!$A$1:$BZ$3001,17,$B$1)&"",FIND(" ",TRIM(INDEX(貼り付け!$A$1:$BZ$3001,17,$B$1)&"")&" ")-1)),"/","-"),"年","-"),"月","-"),"日",""))),"") | J18: =IFERROR(MID(I18,FIND("-",I18)+1,99),"")
B19: =IFERROR(IF($B$1=0,"",IF(INDEX(貼り付け!$A$1:$BZ$3001,18,$B$1)="","",IF(ISNUMBER(INDEX(貼り付け!$A$1:$BZ$3001,18,$B$1)),INT(INDEX(貼り付け!$A$1:$BZ$3001,18,$B$1)),DATE(VALUE(LEFT(I19,FIND("-",I19)-1)),VALUE(LEFT(J19,FIND("-",J19)-1)),VALUE(MID(J19,FIND("-",J19)+1,99)))))),"") | C19: =IF($C$1=0,0,IFERROR(VALUE(SUBSTITUTE(SUBSTITUTE(SUBSTITUTE(INDEX(貼り付け!$A$1:$BZ$3001,18,$C$1)&"",",",""),"¥",""),"￥","")),0)) | D19: =IF($D$1=0,0,IFERROR(VALUE(SUBSTITUTE(SUBSTITUTE(SUBSTITUTE(INDEX(貼り付け!$A$1:$BZ$3001,18,$D$1)&"",",",""),"¥",""),"￥","")),0)) | E19: =IF($E$1=0,0,IFERROR(VALUE(SUBSTITUTE(SUBSTITUTE(SUBSTITUTE(INDEX(貼り付け!$A$1:$BZ$3001,18,$E$1)&"",",",""),"¥",""),"￥","")),0)) | F19: =IF($F$1=0,0,IFERROR(VALUE(SUBSTITUTE(SUBSTITUTE(SUBSTITUTE(INDEX(貼り付け!$A$1:$BZ$3001,18,$F$1)&"",",",""),"¥",""),"￥","")),0)) | G19: =IF(ISNUMBER(B19),YEAR(B19),"") | H19: =IF(ISNUMBER(B19),MONTH(B19),"") | I19: =IFERROR(IF($B$1=0,"",IF(ISNUMBER(INDEX(貼り付け!$A$1:$BZ$3001,18,$B$1)),"",SUBSTITUTE(SUBSTITUTE(SUBSTITUTE(SUBSTITUTE(TRIM(LEFT(INDEX(貼り付け!$A$1:$BZ$3001,18,$B$1)&"",FIND(" ",TRIM(INDEX(貼り付け!$A$1:$BZ$3001,18,$B$1)&"")&" ")-1)),"/","-"),"年","-"),"月","-"),"日",""))),"") | J19: =IFERROR(MID(I19,FIND("-",I19)+1,99),"")
B20: =IFERROR(IF($B$1=0,"",IF(INDEX(貼り付け!$A$1:$BZ$3001,19,$B$1)="","",IF(ISNUMBER(INDEX(貼り付け!$A$1:$BZ$3001,19,$B$1)),INT(INDEX(貼り付け!$A$1:$BZ$3001,19,$B$1)),DATE(VALUE(LEFT(I20,FIND("-",I20)-1)),VALUE(LEFT(J20,FIND("-",J20)-1)),VALUE(MID(J20,FIND("-",J20)+1,99)))))),"") | C20: =IF($C$1=0,0,IFERROR(VALUE(SUBSTITUTE(SUBSTITUTE(SUBSTITUTE(INDEX(貼り付け!$A$1:$BZ$3001,19,$C$1)&"",",",""),"¥",""),"￥","")),0)) | D20: =IF($D$1=0,0,IFERROR(VALUE(SUBSTITUTE(SUBSTITUTE(SUBSTITUTE(INDEX(貼り付け!$A$1:$BZ$3001,19,$D$1)&"",",",""),"¥",""),"￥","")),0)) | E20: =IF($E$1=0,0,IFERROR(VALUE(SUBSTITUTE(SUBSTITUTE(SUBSTITUTE(INDEX(貼り付け!$A$1:$BZ$3001,19,$E$1)&"",",",""),"¥",""),"￥","")),0)) | F20: =IF($F$1=0,0,IFERROR(VALUE(SUBSTITUTE(SUBSTITUTE(SUBSTITUTE(INDEX(貼り付け!$A$1:$BZ$3001,19,$F$1)&"",",",""),"¥",""),"￥","")),0)) | G20: =IF(ISNUMBER(B20),YEAR(B20),"") | H20: =IF(ISNUMBER(B20),MONTH(B20),"") | I20: =IFERROR(IF($B$1=0,"",IF(ISNUMBER(INDEX(貼り付け!$A$1:$BZ$3001,19,$B$1)),"",SUBSTITUTE(SUBSTITUTE(SUBSTITUTE(SUBSTITUTE(TRIM(LEFT(INDEX(貼り付け!$A$1:$BZ$3001,19,$B$1)&"",FIND(" ",TRIM(INDEX(貼り付け!$A$1:$BZ$3001,19,$B$1)&"")&" ")-1)),"/","-"),"年","-"),"月","-"),"日",""))),"") | J20: =IFERROR(MID(I20,FIND("-",I20)+1,99),"")
B21: =IFERROR(IF($B$1=0,"",IF(INDEX(貼り付け!$A$1:$BZ$3001,20,$B$1)="","",IF(ISNUMBER(INDEX(貼り付け!$A$1:$BZ$3001,20,$B$1)),INT(INDEX(貼り付け!$A$1:$BZ$3001,20,$B$1)),DATE(VALUE(LEFT(I21,FIND("-",I21)-1)),VALUE(LEFT(J21,FIND("-",J21)-1)),VALUE(MID(J21,FIND("-",J21)+1,99)))))),"") | C21: =IF($C$1=0,0,IFERROR(VALUE(SUBSTITUTE(SUBSTITUTE(SUBSTITUTE(INDEX(貼り付け!$A$1:$BZ$3001,20,$C$1)&"",",",""),"¥",""),"￥","")),0)) | D21: =IF($D$1=0,0,IFERROR(VALUE(SUBSTITUTE(SUBSTITUTE(SUBSTITUTE(INDEX(貼り付け!$A$1:$BZ$3001,20,$D$1)&"",",",""),"¥",""),"￥","")),0)) | E21: =IF($E$1=0,0,IFERROR(VALUE(SUBSTITUTE(SUBSTITUTE(SUBSTITUTE(INDEX(貼り付け!$A$1:$BZ$3001,20,$E$1)&"",",",""),"¥",""),"￥","")),0)) | F21: =IF($F$1=0,0,IFERROR(VALUE(SUBSTITUTE(SUBSTITUTE(SUBSTITUTE(INDEX(貼り付け!$A$1:$BZ$3001,20,$F$1)&"",",",""),"¥",""),"￥","")),0)) | G21: =IF(ISNUMBER(B21),YEAR(B21),"") | H21: =IF(ISNUMBER(B21),MONTH(B21),"") | I21: =IFERROR(IF($B$1=0,"",IF(ISNUMBER(INDEX(貼り付け!$A$1:$BZ$3001,20,$B$1)),"",SUBSTITUTE(SUBSTITUTE(SUBSTITUTE(SUBSTITUTE(TRIM(LEFT(INDEX(貼り付け!$A$1:$BZ$3001,20,$B$1)&"",FIND(" ",TRIM(INDEX(貼り付け!$A$1:$BZ$3001,20,$B$1)&"")&" ")-1)),"/","-"),"年","-"),"月","-"),"日",""))),"") | J21: =IFERROR(MID(I21,FIND("-",I21)+1,99),"")
B22: =IFERROR(IF($B$1=0,"",IF(INDEX(貼り付け!$A$1:$BZ$3001,21,$B$1)="","",IF(ISNUMBER(INDEX(貼り付け!$A$1:$BZ$3001,21,$B$1)),INT(INDEX(貼り付け!$A$1:$BZ$3001,21,$B$1)),DATE(VALUE(LEFT(I22,FIND("-",I22)-1)),VALUE(LEFT(J22,FIND("-",J22)-1)),VALUE(MID(J22,FIND("-",J22)+1,99)))))),"") | C22: =IF($C$1=0,0,IFERROR(VALUE(SUBSTITUTE(SUBSTITUTE(SUBSTITUTE(INDEX(貼り付け!$A$1:$BZ$3001,21,$C$1)&"",",",""),"¥",""),"￥","")),0)) | D22: =IF($D$1=0,0,IFERROR(VALUE(SUBSTITUTE(SUBSTITUTE(SUBSTITUTE(INDEX(貼り付け!$A$1:$BZ$3001,21,$D$1)&"",",",""),"¥",""),"￥","")),0)) | E22: =IF($E$1=0,0,IFERROR(VALUE(SUBSTITUTE(SUBSTITUTE(SUBSTITUTE(INDEX(貼り付け!$A$1:$BZ$3001,21,$E$1)&"",",",""),"¥",""),"￥","")),0)) | F22: =IF($F$1=0,0,IFERROR(VALUE(SUBSTITUTE(SUBSTITUTE(SUBSTITUTE(INDEX(貼り付け!$A$1:$BZ$3001,21,$F$1)&"",",",""),"¥",""),"￥","")),0)) | G22: =IF(ISNUMBER(B22),YEAR(B22),"") | H22: =IF(ISNUMBER(B22),MONTH(B22),"") | I22: =IFERROR(IF($B$1=0,"",IF(ISNUMBER(INDEX(貼り付け!$A$1:$BZ$3001,21,$B$1)),"",SUBSTITUTE(SUBSTITUTE(SUBSTITUTE(SUBSTITUTE(TRIM(LEFT(INDEX(貼り付け!$A$1:$BZ$3001,21,$B$1)&"",FIND(" ",TRIM(INDEX(貼り付け!$A$1:$BZ$3001,21,$B$1)&"")&" ")-1)),"/","-"),"年","-"),"月","-"),"日",""))),"") | J22: =IFERROR(MID(I22,FIND("-",I22)+1,99),"")
B23: =IFERROR(IF($B$1=0,"",IF(INDEX(貼り付け!$A$1:$BZ$3001,22,$B$1)="","",IF(ISNUMBER(INDEX(貼り付け!$A$1:$BZ$3001,22,$B$1)),INT(INDEX(貼り付け!$A$1:$BZ$3001,22,$B$1)),DATE(VALUE(LEFT(I23,FIND("-",I23)-1)),VALUE(LEFT(J23,FIND("-",J23)-1)),VALUE(MID(J23,FIND("-",J23)+1,99)))))),"") | C23: =IF($C$1=0,0,IFERROR(VALUE(SUBSTITUTE(SUBSTITUTE(SUBSTITUTE(INDEX(貼り付け!$A$1:$BZ$3001,22,$C$1)&"",",",""),"¥",""),"￥","")),0)) | D23: =IF($D$1=0,0,IFERROR(VALUE(SUBSTITUTE(SUBSTITUTE(SUBSTITUTE(INDEX(貼り付け!$A$1:$BZ$3001,22,$D$1)&"",",",""),"¥",""),"￥","")),0)) | E23: =IF($E$1=0,0,IFERROR(VALUE(SUBSTITUTE(SUBSTITUTE(SUBSTITUTE(INDEX(貼り付け!$A$1:$BZ$3001,22,$E$1)&"",",",""),"¥",""),"￥","")),0)) | F23: =IF($F$1=0,0,IFERROR(VALUE(SUBSTITUTE(SUBSTITUTE(SUBSTITUTE(INDEX(貼り付け!$A$1:$BZ$3001,22,$F$1)&"",",",""),"¥",""),"￥","")),0)) | G23: =IF(ISNUMBER(B23),YEAR(B23),"") | H23: =IF(ISNUMBER(B23),MONTH(B23),"") | I23: =IFERROR(IF($B$1=0,"",IF(ISNUMBER(INDEX(貼り付け!$A$1:$BZ$3001,22,$B$1)),"",SUBSTITUTE(SUBSTITUTE(SUBSTITUTE(SUBSTITUTE(TRIM(LEFT(INDEX(貼り付け!$A$1:$BZ$3001,22,$B$1)&"",FIND(" ",TRIM(INDEX(貼り付け!$A$1:$BZ$3001,22,$B$1)&"")&" ")-1)),"/","-"),"年","-"),"月","-"),"日",""))),"") | J23: =IFERROR(MID(I23,FIND("-",I23)+1,99),"")
B24: =IFERROR(IF($B$1=0,"",IF(INDEX(貼り付け!$A$1:$BZ$3001,23,$B$1)="","",IF(ISNUMBER(INDEX(貼り付け!$A$1:$BZ$3001,23,$B$1)),INT(INDEX(貼り付け!$A$1:$BZ$3001,23,$B$1)),DATE(VALUE(LEFT(I24,FIND("-",I24)-1)),VALUE(LEFT(J24,FIND("-",J24)-1)),VALUE(MID(J24,FIND("-",J24)+1,99)))))),"") | C24: =IF($C$1=0,0,IFERROR(VALUE(SUBSTITUTE(SUBSTITUTE(SUBSTITUTE(INDEX(貼り付け!$A$1:$BZ$3001,23,$C$1)&"",",",""),"¥",""),"￥","")),0)) | D24: =IF($D$1=0,0,IFERROR(VALUE(SUBSTITUTE(SUBSTITUTE(SUBSTITUTE(INDEX(貼り付け!$A$1:$BZ$3001,23,$D$1)&"",",",""),"¥",""),"￥","")),0)) | E24: =IF($E$1=0,0,IFERROR(VALUE(SUBSTITUTE(SUBSTITUTE(SUBSTITUTE(INDEX(貼り付け!$A$1:$BZ$3001,23,$E$1)&"",",",""),"¥",""),"￥","")),0)) | F24: =IF($F$1=0,0,IFERROR(VALUE(SUBSTITUTE(SUBSTITUTE(SUBSTITUTE(INDEX(貼り付け!$A$1:$BZ$3001,23,$F$1)&"",",",""),"¥",""),"￥","")),0)) | G24: =IF(ISNUMBER(B24),YEAR(B24),"") | H24: =IF(ISNUMBER(B24),MONTH(B24),"") | I24: =IFERROR(IF($B$1=0,"",IF(ISNUMBER(INDEX(貼り付け!$A$1:$BZ$3001,23,$B$1)),"",SUBSTITUTE(SUBSTITUTE(SUBSTITUTE(SUBSTITUTE(TRIM(LEFT(INDEX(貼り付け!$A$1:$BZ$3001,23,$B$1)&"",FIND(" ",TRIM(INDEX(貼り付け!$A$1:$BZ$3001,23,$B$1)&"")&" ")-1)),"/","-"),"年","-"),"月","-"),"日",""))),"") | J24: =IFERROR(MID(I24,FIND("-",I24)+1,99),"")
B25: =IFERROR(IF($B$1=0,"",IF(INDEX(貼り付け!$A$1:$BZ$3001,24,$B$1)="","",IF(ISNUMBER(INDEX(貼り付け!$A$1:$BZ$3001,24,$B$1)),INT(INDEX(貼り付け!$A$1:$BZ$3001,24,$B$1)),DATE(VALUE(LEFT(I25,FIND("-",I25)-1)),VALUE(LEFT(J25,FIND("-",J25)-1)),VALUE(MID(J25,FIND("-",J25)+1,99)))))),"") | C25: =IF($C$1=0,0,IFERROR(VALUE(SUBSTITUTE(SUBSTITUTE(SUBSTITUTE(INDEX(貼り付け!$A$1:$BZ$3001,24,$C$1)&"",",",""),"¥",""),"￥","")),0)) | D25: =IF($D$1=0,0,IFERROR(VALUE(SUBSTITUTE(SUBSTITUTE(SUBSTITUTE(INDEX(貼り付け!$A$1:$BZ$3001,24,$D$1)&"",",",""),"¥",""),"￥","")),0)) | E25: =IF($E$1=0,0,IFERROR(VALUE(SUBSTITUTE(SUBSTITUTE(SUBSTITUTE(INDEX(貼り付け!$A$1:$BZ$3001,24,$E$1)&"",",",""),"¥",""),"￥","")),0)) | F25: =IF($F$1=0,0,IFERROR(VALUE(SUBSTITUTE(SUBSTITUTE(SUBSTITUTE(INDEX(貼り付け!$A$1:$BZ$3001,24,$F$1)&"",",",""),"¥",""),"￥","")),0)) | G25: =IF(ISNUMBER(B25),YEAR(B25),"") | H25: =IF(ISNUMBER(B25),MONTH(B25),"") | I25: =IFERROR(IF($B$1=0,"",IF(ISNUMBER(INDEX(貼り付け!$A$1:$BZ$3001,24,$B$1)),"",SUBSTITUTE(SUBSTITUTE(SUBSTITUTE(SUBSTITUTE(TRIM(LEFT(INDEX(貼り付け!$A$1:$BZ$3001,24,$B$1)&"",FIND(" ",TRIM(INDEX(貼り付け!$A$1:$BZ$3001,24,$B$1)&"")&" ")-1)),"/","-"),"年","-"),"月","-"),"日",""))),"") | J25: =IFERROR(MID(I25,FIND("-",I25)+1,99),"")
B26: =IFERROR(IF($B$1=0,"",IF(INDEX(貼り付け!$A$1:$BZ$3001,25,$B$1)="","",IF(ISNUMBER(INDEX(貼り付け!$A$1:$BZ$3001,25,$B$1)),INT(INDEX(貼り付け!$A$1:$BZ$3001,25,$B$1)),DATE(VALUE(LEFT(I26,FIND("-",I26)-1)),VALUE(LEFT(J26,FIND("-",J26)-1)),VALUE(MID(J26,FIND("-",J26)+1,99)))))),"") | C26: =IF($C$1=0,0,IFERROR(VALUE(SUBSTITUTE(SUBSTITUTE(SUBSTITUTE(INDEX(貼り付け!$A$1:$BZ$3001,25,$C$1)&"",",",""),"¥",""),"￥","")),0)) | D26: =IF($D$1=0,0,IFERROR(VALUE(SUBSTITUTE(SUBSTITUTE(SUBSTITUTE(INDEX(貼り付け!$A$1:$BZ$3001,25,$D$1)&"",",",""),"¥",""),"￥","")),0)) | E26: =IF($E$1=0,0,IFERROR(VALUE(SUBSTITUTE(SUBSTITUTE(SUBSTITUTE(INDEX(貼り付け!$A$1:$BZ$3001,25,$E$1)&"",",",""),"¥",""),"￥","")),0)) | F26: =IF($F$1=0,0,IFERROR(VALUE(SUBSTITUTE(SUBSTITUTE(SUBSTITUTE(INDEX(貼り付け!$A$1:$BZ$3001,25,$F$1)&"",",",""),"¥",""),"￥","")),0)) | G26: =IF(ISNUMBER(B26),YEAR(B26),"") | H26: =IF(ISNUMBER(B26),MONTH(B26),"") | I26: =IFERROR(IF($B$1=0,"",IF(ISNUMBER(INDEX(貼り付け!$A$1:$BZ$3001,25,$B$1)),"",SUBSTITUTE(SUBSTITUTE(SUBSTITUTE(SUBSTITUTE(TRIM(LEFT(INDEX(貼り付け!$A$1:$BZ$3001,25,$B$1)&"",FIND(" ",TRIM(INDEX(貼り付け!$A$1:$BZ$3001,25,$B$1)&"")&" ")-1)),"/","-"),"年","-"),"月","-"),"日",""))),"") | J26: =IFERROR(MID(I26,FIND("-",I26)+1,99),"")
B27: =IFERROR(IF($B$1=0,"",IF(INDEX(貼り付け!$A$1:$BZ$3001,26,$B$1)="","",IF(ISNUMBER(INDEX(貼り付け!$A$1:$BZ$3001,26,$B$1)),INT(INDEX(貼り付け!$A$1:$BZ$3001,26,$B$1)),DATE(VALUE(LEFT(I27,FIND("-",I27)-1)),VALUE(LEFT(J27,FIND("-",J27)-1)),VALUE(MID(J27,FIND("-",J27)+1,99)))))),"") | C27: =IF($C$1=0,0,IFERROR(VALUE(SUBSTITUTE(SUBSTITUTE(SUBSTITUTE(INDEX(貼り付け!$A$1:$BZ$3001,26,$C$1)&"",",",""),"¥",""),"￥","")),0)) | D27: =IF($D$1=0,0,IFERROR(VALUE(SUBSTITUTE(SUBSTITUTE(SUBSTITUTE(INDEX(貼り付け!$A$1:$BZ$3001,26,$D$1)&"",",",""),"¥",""),"￥","")),0)) | E27: =IF($E$1=0,0,IFERROR(VALUE(SUBSTITUTE(SUBSTITUTE(SUBSTITUTE(INDEX(貼り付け!$A$1:$BZ$3001,26,$E$1)&"",",",""),"¥",""),"￥","")),0)) | F27: =IF($F$1=0,0,IFERROR(VALUE(SUBSTITUTE(SUBSTITUTE(SUBSTITUTE(INDEX(貼り付け!$A$1:$BZ$3001,26,$F$1)&"",",",""),"¥",""),"￥","")),0)) | G27: =IF(ISNUMBER(B27),YEAR(B27),"") | H27: =IF(ISNUMBER(B27),MONTH(B27),"") | I27: =IFERROR(IF($B$1=0,"",IF(ISNUMBER(INDEX(貼り付け!$A$1:$BZ$3001,26,$B$1)),"",SUBSTITUTE(SUBSTITUTE(SUBSTITUTE(SUBSTITUTE(TRIM(LEFT(INDEX(貼り付け!$A$1:$BZ$3001,26,$B$1)&"",FIND(" ",TRIM(INDEX(貼り付け!$A$1:$BZ$3001,26,$B$1)&"")&" ")-1)),"/","-"),"年","-"),"月","-"),"日",""))),"") | J27: =IFERROR(MID(I27,FIND("-",I27)+1,99),"")
B28: =IFERROR(IF($B$1=0,"",IF(INDEX(貼り付け!$A$1:$BZ$3001,27,$B$1)="","",IF(ISNUMBER(INDEX(貼り付け!$A$1:$BZ$3001,27,$B$1)),INT(INDEX(貼り付け!$A$1:$BZ$3001,27,$B$1)),DATE(VALUE(LEFT(I28,FIND("-",I28)-1)),VALUE(LEFT(J28,FIND("-",J28)-1)),VALUE(MID(J28,FIND("-",J28)+1,99)))))),"") | C28: =IF($C$1=0,0,IFERROR(VALUE(SUBSTITUTE(SUBSTITUTE(SUBSTITUTE(INDEX(貼り付け!$A$1:$BZ$3001,27,$C$1)&"",",",""),"¥",""),"￥","")),0)) | D28: =IF($D$1=0,0,IFERROR(VALUE(SUBSTITUTE(SUBSTITUTE(SUBSTITUTE(INDEX(貼り付け!$A$1:$BZ$3001,27,$D$1)&"",",",""),"¥",""),"￥","")),0)) | E28: =IF($E$1=0,0,IFERROR(VALUE(SUBSTITUTE(SUBSTITUTE(SUBSTITUTE(INDEX(貼り付け!$A$1:$BZ$3001,27,$E$1)&"",",",""),"¥",""),"￥","")),0)) | F28: =IF($F$1=0,0,IFERROR(VALUE(SUBSTITUTE(SUBSTITUTE(SUBSTITUTE(INDEX(貼り付け!$A$1:$BZ$3001,27,$F$1)&"",",",""),"¥",""),"￥","")),0)) | G28: =IF(ISNUMBER(B28),YEAR(B28),"") | H28: =IF(ISNUMBER(B28),MONTH(B28),"") | I28: =IFERROR(IF($B$1=0,"",IF(ISNUMBER(INDEX(貼り付け!$A$1:$BZ$3001,27,$B$1)),"",SUBSTITUTE(SUBSTITUTE(SUBSTITUTE(SUBSTITUTE(TRIM(LEFT(INDEX(貼り付け!$A$1:$BZ$3001,27,$B$1)&"",FIND(" ",TRIM(INDEX(貼り付け!$A$1:$BZ$3001,27,$B$1)&"")&" ")-1)),"/","-"),"年","-"),"月","-"),"日",""))),"") | J28: =IFERROR(MID(I28,FIND("-",I28)+1,99),"")
B29: =IFERROR(IF($B$1=0,"",IF(INDEX(貼り付け!$A$1:$BZ$3001,28,$B$1)="","",IF(ISNUMBER(INDEX(貼り付け!$A$1:$BZ$3001,28,$B$1)),INT(INDEX(貼り付け!$A$1:$BZ$3001,28,$B$1)),DATE(VALUE(LEFT(I29,FIND("-",I29)-1)),VALUE(LEFT(J29,FIND("-",J29)-1)),VALUE(MID(J29,FIND("-",J29)+1,99)))))),"") | C29: =IF($C$1=0,0,IFERROR(VALUE(SUBSTITUTE(SUBSTITUTE(SUBSTITUTE(INDEX(貼り付け!$A$1:$BZ$3001,28,$C$1)&"",",",""),"¥",""),"￥","")),0)) | D29: =IF($D$1=0,0,IFERROR(VALUE(SUBSTITUTE(SUBSTITUTE(SUBSTITUTE(INDEX(貼り付け!$A$1:$BZ$3001,28,$D$1)&"",",",""),"¥",""),"￥","")),0)) | E29: =IF($E$1=0,0,IFERROR(VALUE(SUBSTITUTE(SUBSTITUTE(SUBSTITUTE(INDEX(貼り付け!$A$1:$BZ$3001,28,$E$1)&"",",",""),"¥",""),"￥","")),0)) | F29: =IF($F$1=0,0,IFERROR(VALUE(SUBSTITUTE(SUBSTITUTE(SUBSTITUTE(INDEX(貼り付け!$A$1:$BZ$3001,28,$F$1)&"",",",""),"¥",""),"￥","")),0)) | G29: =IF(ISNUMBER(B29),YEAR(B29),"") | H29: =IF(ISNUMBER(B29),MONTH(B29),"") | I29: =IFERROR(IF($B$1=0,"",IF(ISNUMBER(INDEX(貼り付け!$A$1:$BZ$3001,28,$B$1)),"",SUBSTITUTE(SUBSTITUTE(SUBSTITUTE(SUBSTITUTE(TRIM(LEFT(INDEX(貼り付け!$A$1:$BZ$3001,28,$B$1)&"",FIND(" ",TRIM(INDEX(貼り付け!$A$1:$BZ$3001,28,$B$1)&"")&" ")-1)),"/","-"),"年","-"),"月","-"),"日",""))),"") | J29: =IFERROR(MID(I29,FIND("-",I29)+1,99),"")
B30: =IFERROR(IF($B$1=0,"",IF(INDEX(貼り付け!$A$1:$BZ$3001,29,$B$1)="","",IF(ISNUMBER(INDEX(貼り付け!$A$1:$BZ$3001,29,$B$1)),INT(INDEX(貼り付け!$A$1:$BZ$3001,29,$B$1)),DATE(VALUE(LEFT(I30,FIND("-",I30)-1)),VALUE(LEFT(J30,FIND("-",J30)-1)),VALUE(MID(J30,FIND("-",J30)+1,99)))))),"") | C30: =IF($C$1=0,0,IFERROR(VALUE(SUBSTITUTE(SUBSTITUTE(SUBSTITUTE(INDEX(貼り付け!$A$1:$BZ$3001,29,$C$1)&"",",",""),"¥",""),"￥","")),0)) | D30: =IF($D$1=0,0,IFERROR(VALUE(SUBSTITUTE(SUBSTITUTE(SUBSTITUTE(INDEX(貼り付け!$A$1:$BZ$3001,29,$D$1)&"",",",""),"¥",""),"￥","")),0)) | E30: =IF($E$1=0,0,IFERROR(VALUE(SUBSTITUTE(SUBSTITUTE(SUBSTITUTE(INDEX(貼り付け!$A$1:$BZ$3001,29,$E$1)&"",",",""),"¥",""),"￥","")),0)) | F30: =IF($F$1=0,0,IFERROR(VALUE(SUBSTITUTE(SUBSTITUTE(SUBSTITUTE(INDEX(貼り付け!$A$1:$BZ$3001,29,$F$1)&"",",",""),"¥",""),"￥","")),0)) | G30: =IF(ISNUMBER(B30),YEAR(B30),"") | H30: =IF(ISNUMBER(B30),MONTH(B30),"") | I30: =IFERROR(IF($B$1=0,"",IF(ISNUMBER(INDEX(貼り付け!$A$1:$BZ$3001,29,$B$1)),"",SUBSTITUTE(SUBSTITUTE(SUBSTITUTE(SUBSTITUTE(TRIM(LEFT(INDEX(貼り付け!$A$1:$BZ$3001,29,$B$1)&"",FIND(" ",TRIM(INDEX(貼り付け!$A$1:$BZ$3001,29,$B$1)&"")&" ")-1)),"/","-"),"年","-"),"月","-"),"日",""))),"") | J30: =IFERROR(MID(I30,FIND("-",I30)+1,99),"")
B31: =IFERROR(IF($B$1=0,"",IF(INDEX(貼り付け!$A$1:$BZ$3001,30,$B$1)="","",IF(ISNUMBER(INDEX(貼り付け!$A$1:$BZ$3001,30,$B$1)),INT(INDEX(貼り付け!$A$1:$BZ$3001,30,$B$1)),DATE(VALUE(LEFT(I31,FIND("-",I31)-1)),VALUE(LEFT(J31,FIND("-",J31)-1)),VALUE(MID(J31,FIND("-",J31)+1,99)))))),"") | C31: =IF($C$1=0,0,IFERROR(VALUE(SUBSTITUTE(SUBSTITUTE(SUBSTITUTE(INDEX(貼り付け!$A$1:$BZ$3001,30,$C$1)&"",",",""),"¥",""),"￥","")),0)) | D31: =IF($D$1=0,0,IFERROR(VALUE(SUBSTITUTE(SUBSTITUTE(SUBSTITUTE(INDEX(貼り付け!$A$1:$BZ$3001,30,$D$1)&"",",",""),"¥",""),"￥","")),0)) | E31: =IF($E$1=0,0,IFERROR(VALUE(SUBSTITUTE(SUBSTITUTE(SUBSTITUTE(INDEX(貼り付け!$A$1:$BZ$3001,30,$E$1)&"",",",""),"¥",""),"￥","")),0)) | F31: =IF($F$1=0,0,IFERROR(VALUE(SUBSTITUTE(SUBSTITUTE(SUBSTITUTE(INDEX(貼り付け!$A$1:$BZ$3001,30,$F$1)&"",",",""),"¥",""),"￥","")),0)) | G31: =IF(ISNUMBER(B31),YEAR(B31),"") | H31: =IF(ISNUMBER(B31),MONTH(B31),"") | I31: =IFERROR(IF($B$1=0,"",IF(ISNUMBER(INDEX(貼り付け!$A$1:$BZ$3001,30,$B$1)),"",SUBSTITUTE(SUBSTITUTE(SUBSTITUTE(SUBSTITUTE(TRIM(LEFT(INDEX(貼り付け!$A$1:$BZ$3001,30,$B$1)&"",FIND(" ",TRIM(INDEX(貼り付け!$A$1:$BZ$3001,30,$B$1)&"")&" ")-1)),"/","-"),"年","-"),"月","-"),"日",""))),"") | J31: =IFERROR(MID(I31,FIND("-",I31)+1,99),"")
B32: =IFERROR(IF($B$1=0,"",IF(INDEX(貼り付け!$A$1:$BZ$3001,31,$B$1)="","",IF(ISNUMBER(INDEX(貼り付け!$A$1:$BZ$3001,31,$B$1)),INT(INDEX(貼り付け!$A$1:$BZ$3001,31,$B$1)),DATE(VALUE(LEFT(I32,FIND("-",I32)-1)),VALUE(LEFT(J32,FIND("-",J32)-1)),VALUE(MID(J32,FIND("-",J32)+1,99)))))),"") | C32: =IF($C$1=0,0,IFERROR(VALUE(SUBSTITUTE(SUBSTITUTE(SUBSTITUTE(INDEX(貼り付け!$A$1:$BZ$3001,31,$C$1)&"",",",""),"¥",""),"￥","")),0)) | D32: =IF($D$1=0,0,IFERROR(VALUE(SUBSTITUTE(SUBSTITUTE(SUBSTITUTE(INDEX(貼り付け!$A$1:$BZ$3001,31,$D$1)&"",",",""),"¥",""),"￥","")),0)) | E32: =IF($E$1=0,0,IFERROR(VALUE(SUBSTITUTE(SUBSTITUTE(SUBSTITUTE(INDEX(貼り付け!$A$1:$BZ$3001,31,$E$1)&"",",",""),"¥",""),"￥","")),0)) | F32: =IF($F$1=0,0,IFERROR(VALUE(SUBSTITUTE(SUBSTITUTE(SUBSTITUTE(INDEX(貼り付け!$A$1:$BZ$3001,31,$F$1)&"",",",""),"¥",""),"￥","")),0)) | G32: =IF(ISNUMBER(B32),YEAR(B32),"") | H32: =IF(ISNUMBER(B32),MONTH(B32),"") | I32: =IFERROR(IF($B$1=0,"",IF(ISNUMBER(INDEX(貼り付け!$A$1:$BZ$3001,31,$B$1)),"",SUBSTITUTE(SUBSTITUTE(SUBSTITUTE(SUBSTITUTE(TRIM(LEFT(INDEX(貼り付け!$A$1:$BZ$3001,31,$B$1)&"",FIND(" ",TRIM(INDEX(貼り付け!$A$1:$BZ$3001,31,$B$1)&"")&" ")-1)),"/","-"),"年","-"),"月","-"),"日",""))),"") | J32: =IFERROR(MID(I32,FIND("-",I32)+1,99),"")
B33: =IFERROR(IF($B$1=0,"",IF(INDEX(貼り付け!$A$1:$BZ$3001,32,$B$1)="","",IF(ISNUMBER(INDEX(貼り付け!$A$1:$BZ$3001,32,$B$1)),INT(INDEX(貼り付け!$A$1:$BZ$3001,32,$B$1)),DATE(VALUE(LEFT(I33,FIND("-",I33)-1)),VALUE(LEFT(J33,FIND("-",J33)-1)),VALUE(MID(J33,FIND("-",J33)+1,99)))))),"") | C33: =IF($C$1=0,0,IFERROR(VALUE(SUBSTITUTE(SUBSTITUTE(SUBSTITUTE(INDEX(貼り付け!$A$1:$BZ$3001,32,$C$1)&"",",",""),"¥",""),"￥","")),0)) | D33: =IF($D$1=0,0,IFERROR(VALUE(SUBSTITUTE(SUBSTITUTE(SUBSTITUTE(INDEX(貼り付け!$A$1:$BZ$3001,32,$D$1)&"",",",""),"¥",""),"￥","")),0)) | E33: =IF($E$1=0,0,IFERROR(VALUE(SUBSTITUTE(SUBSTITUTE(SUBSTITUTE(INDEX(貼り付け!$A$1:$BZ$3001,32,$E$1)&"",",",""),"¥",""),"￥","")),0)) | F33: =IF($F$1=0,0,IFERROR(VALUE(SUBSTITUTE(SUBSTITUTE(SUBSTITUTE(INDEX(貼り付け!$A$1:$BZ$3001,32,$F$1)&"",",",""),"¥",""),"￥","")),0)) | G33: =IF(ISNUMBER(B33),YEAR(B33),"") | H33: =IF(ISNUMBER(B33),MONTH(B33),"") | I33: =IFERROR(IF($B$1=0,"",IF(ISNUMBER(INDEX(貼り付け!$A$1:$BZ$3001,32,$B$1)),"",SUBSTITUTE(SUBSTITUTE(SUBSTITUTE(SUBSTITUTE(TRIM(LEFT(INDEX(貼り付け!$A$1:$BZ$3001,32,$B$1)&"",FIND(" ",TRIM(INDEX(貼り付け!$A$1:$BZ$3001,32,$B$1)&"")&" ")-1)),"/","-"),"年","-"),"月","-"),"日",""))),"") | J33: =IFERROR(MID(I33,FIND("-",I33)+1,99),"")
B34: =IFERROR(IF($B$1=0,"",IF(INDEX(貼り付け!$A$1:$BZ$3001,33,$B$1)="","",IF(ISNUMBER(INDEX(貼り付け!$A$1:$BZ$3001,33,$B$1)),INT(INDEX(貼り付け!$A$1:$BZ$3001,33,$B$1)),DATE(VALUE(LEFT(I34,FIND("-",I34)-1)),VALUE(LEFT(J34,FIND("-",J34)-1)),VALUE(MID(J34,FIND("-",J34)+1,99)))))),"") | C34: =IF($C$1=0,0,IFERROR(VALUE(SUBSTITUTE(SUBSTITUTE(SUBSTITUTE(INDEX(貼り付け!$A$1:$BZ$3001,33,$C$1)&"",",",""),"¥",""),"￥","")),0)) | D34: =IF($D$1=0,0,IFERROR(VALUE(SUBSTITUTE(SUBSTITUTE(SUBSTITUTE(INDEX(貼り付け!$A$1:$BZ$3001,33,$D$1)&"",",",""),"¥",""),"￥","")),0)) | E34: =IF($E$1=0,0,IFERROR(VALUE(SUBSTITUTE(SUBSTITUTE(SUBSTITUTE(INDEX(貼り付け!$A$1:$BZ$3001,33,$E$1)&"",",",""),"¥",""),"￥","")),0)) | F34: =IF($F$1=0,0,IFERROR(VALUE(SUBSTITUTE(SUBSTITUTE(SUBSTITUTE(INDEX(貼り付け!$A$1:$BZ$3001,33,$F$1)&"",",",""),"¥",""),"￥","")),0)) | G34: =IF(ISNUMBER(B34),YEAR(B34),"") | H34: =IF(ISNUMBER(B34),MONTH(B34),"") | I34: =IFERROR(IF($B$1=0,"",IF(ISNUMBER(INDEX(貼り付け!$A$1:$BZ$3001,33,$B$1)),"",SUBSTITUTE(SUBSTITUTE(SUBSTITUTE(SUBSTITUTE(TRIM(LEFT(INDEX(貼り付け!$A$1:$BZ$3001,33,$B$1)&"",FIND(" ",TRIM(INDEX(貼り付け!$A$1:$BZ$3001,33,$B$1)&"")&" ")-1)),"/","-"),"年","-"),"月","-"),"日",""))),"") | J34: =IFERROR(MID(I34,FIND("-",I34)+1,99),"")
B35: =IFERROR(IF($B$1=0,"",IF(INDEX(貼り付け!$A$1:$BZ$3001,34,$B$1)="","",IF(ISNUMBER(INDEX(貼り付け!$A$1:$BZ$3001,34,$B$1)),INT(INDEX(貼り付け!$A$1:$BZ$3001,34,$B$1)),DATE(VALUE(LEFT(I35,FIND("-",I35)-1)),VALUE(LEFT(J35,FIND("-",J35)-1)),VALUE(MID(J35,FIND("-",J35)+1,99)))))),"") | C35: =IF($C$1=0,0,IFERROR(VALUE(SUBSTITUTE(SUBSTITUTE(SUBSTITUTE(INDEX(貼り付け!$A$1:$BZ$3001,34,$C$1)&"",",",""),"¥",""),"￥","")),0)) | D35: =IF($D$1=0,0,IFERROR(VALUE(SUBSTITUTE(SUBSTITUTE(SUBSTITUTE(INDEX(貼り付け!$A$1:$BZ$3001,34,$D$1)&"",",",""),"¥",""),"￥","")),0)) | E35: =IF($E$1=0,0,IFERROR(VALUE(SUBSTITUTE(SUBSTITUTE(SUBSTITUTE(INDEX(貼り付け!$A$1:$BZ$3001,34,$E$1)&"",",",""),"¥",""),"￥","")),0)) | F35: =IF($F$1=0,0,IFERROR(VALUE(SUBSTITUTE(SUBSTITUTE(SUBSTITUTE(INDEX(貼り付け!$A$1:$BZ$3001,34,$F$1)&"",",",""),"¥",""),"￥","")),0)) | G35: =IF(ISNUMBER(B35),YEAR(B35),"") | H35: =IF(ISNUMBER(B35),MONTH(B35),"") | I35: =IFERROR(IF($B$1=0,"",IF(ISNUMBER(INDEX(貼り付け!$A$1:$BZ$3001,34,$B$1)),"",SUBSTITUTE(SUBSTITUTE(SUBSTITUTE(SUBSTITUTE(TRIM(LEFT(INDEX(貼り付け!$A$1:$BZ$3001,34,$B$1)&"",FIND(" ",TRIM(INDEX(貼り付け!$A$1:$BZ$3001,34,$B$1)&"")&" ")-1)),"/","-"),"年","-"),"月","-"),"日",""))),"") | J35: =IFERROR(MID(I35,FIND("-",I35)+1,99),"")
B36: =IFERROR(IF($B$1=0,"",IF(INDEX(貼り付け!$A$1:$BZ$3001,35,$B$1)="","",IF(ISNUMBER(INDEX(貼り付け!$A$1:$BZ$3001,35,$B$1)),INT(INDEX(貼り付け!$A$1:$BZ$3001,35,$B$1)),DATE(VALUE(LEFT(I36,FIND("-",I36)-1)),VALUE(LEFT(J36,FIND("-",J36)-1)),VALUE(MID(J36,FIND("-",J36)+1,99)))))),"") | C36: =IF($C$1=0,0,IFERROR(VALUE(SUBSTITUTE(SUBSTITUTE(SUBSTITUTE(INDEX(貼り付け!$A$1:$BZ$3001,35,$C$1)&"",",",""),"¥",""),"￥","")),0)) | D36: =IF($D$1=0,0,IFERROR(VALUE(SUBSTITUTE(SUBSTITUTE(SUBSTITUTE(INDEX(貼り付け!$A$1:$BZ$3001,35,$D$1)&"",",",""),"¥",""),"￥","")),0)) | E36: =IF($E$1=0,0,IFERROR(VALUE(SUBSTITUTE(SUBSTITUTE(SUBSTITUTE(INDEX(貼り付け!$A$1:$BZ$3001,35,$E$1)&"",",",""),"¥",""),"￥","")),0)) | F36: =IF($F$1=0,0,IFERROR(VALUE(SUBSTITUTE(SUBSTITUTE(SUBSTITUTE(INDEX(貼り付け!$A$1:$BZ$3001,35,$F$1)&"",",",""),"¥",""),"￥","")),0)) | G36: =IF(ISNUMBER(B36),YEAR(B36),"") | H36: =IF(ISNUMBER(B36),MONTH(B36),"") | I36: =IFERROR(IF($B$1=0,"",IF(ISNUMBER(INDEX(貼り付け!$A$1:$BZ$3001,35,$B$1)),"",SUBSTITUTE(SUBSTITUTE(SUBSTITUTE(SUBSTITUTE(TRIM(LEFT(INDEX(貼り付け!$A$1:$BZ$3001,35,$B$1)&"",FIND(" ",TRIM(INDEX(貼り付け!$A$1:$BZ$3001,35,$B$1)&"")&" ")-1)),"/","-"),"年","-"),"月","-"),"日",""))),"") | J36: =IFERROR(MID(I36,FIND("-",I36)+1,99),"")
B37: =IFERROR(IF($B$1=0,"",IF(INDEX(貼り付け!$A$1:$BZ$3001,36,$B$1)="","",IF(ISNUMBER(INDEX(貼り付け!$A$1:$BZ$3001,36,$B$1)),INT(INDEX(貼り付け!$A$1:$BZ$3001,36,$B$1)),DATE(VALUE(LEFT(I37,FIND("-",I37)-1)),VALUE(LEFT(J37,FIND("-",J37)-1)),VALUE(MID(J37,FIND("-",J37)+1,99)))))),"") | C37: =IF($C$1=0,0,IFERROR(VALUE(SUBSTITUTE(SUBSTITUTE(SUBSTITUTE(INDEX(貼り付け!$A$1:$BZ$3001,36,$C$1)&"",",",""),"¥",""),"￥","")),0)) | D37: =IF($D$1=0,0,IFERROR(VALUE(SUBSTITUTE(SUBSTITUTE(SUBSTITUTE(INDEX(貼り付け!$A$1:$BZ$3001,36,$D$1)&"",",",""),"¥",""),"￥","")),0)) | E37: =IF($E$1=0,0,IFERROR(VALUE(SUBSTITUTE(SUBSTITUTE(SUBSTITUTE(INDEX(貼り付け!$A$1:$BZ$3001,36,$E$1)&"",",",""),"¥",""),"￥","")),0)) | F37: =IF($F$1=0,0,IFERROR(VALUE(SUBSTITUTE(SUBSTITUTE(SUBSTITUTE(INDEX(貼り付け!$A$1:$BZ$3001,36,$F$1)&"",",",""),"¥",""),"￥","")),0)) | G37: =IF(ISNUMBER(B37),YEAR(B37),"") | H37: =IF(ISNUMBER(B37),MONTH(B37),"") | I37: =IFERROR(IF($B$1=0,"",IF(ISNUMBER(INDEX(貼り付け!$A$1:$BZ$3001,36,$B$1)),"",SUBSTITUTE(SUBSTITUTE(SUBSTITUTE(SUBSTITUTE(TRIM(LEFT(INDEX(貼り付け!$A$1:$BZ$3001,36,$B$1)&"",FIND(" ",TRIM(INDEX(貼り付け!$A$1:$BZ$3001,36,$B$1)&"")&" ")-1)),"/","-"),"年","-"),"月","-"),"日",""))),"") | J37: =IFERROR(MID(I37,FIND("-",I37)+1,99),"")
B38: =IFERROR(IF($B$1=0,"",IF(INDEX(貼り付け!$A$1:$BZ$3001,37,$B$1)="","",IF(ISNUMBER(INDEX(貼り付け!$A$1:$BZ$3001,37,$B$1)),INT(INDEX(貼り付け!$A$1:$BZ$3001,37,$B$1)),DATE(VALUE(LEFT(I38,FIND("-",I38)-1)),VALUE(LEFT(J38,FIND("-",J38)-1)),VALUE(MID(J38,FIND("-",J38)+1,99)))))),"") | C38: =IF($C$1=0,0,IFERROR(VALUE(SUBSTITUTE(SUBSTITUTE(SUBSTITUTE(INDEX(貼り付け!$A$1:$BZ$3001,37,$C$1)&"",",",""),"¥",""),"￥","")),0)) | D38: =IF($D$1=0,0,IFERROR(VALUE(SUBSTITUTE(SUBSTITUTE(SUBSTITUTE(INDEX(貼り付け!$A$1:$BZ$3001,37,$D$1)&"",",",""),"¥",""),"￥","")),0)) | E38: =IF($E$1=0,0,IFERROR(VALUE(SUBSTITUTE(SUBSTITUTE(SUBSTITUTE(INDEX(貼り付け!$A$1:$BZ$3001,37,$E$1)&"",",",""),"¥",""),"￥","")),0)) | F38: =IF($F$1=0,0,IFERROR(VALUE(SUBSTITUTE(SUBSTITUTE(SUBSTITUTE(INDEX(貼り付け!$A$1:$BZ$3001,37,$F$1)&"",",",""),"¥",""),"￥","")),0)) | G38: =IF(ISNUMBER(B38),YEAR(B38),"") | H38: =IF(ISNUMBER(B38),MONTH(B38),"") | I38: =IFERROR(IF($B$1=0,"",IF(ISNUMBER(INDEX(貼り付け!$A$1:$BZ$3001,37,$B$1)),"",SUBSTITUTE(SUBSTITUTE(SUBSTITUTE(SUBSTITUTE(TRIM(LEFT(INDEX(貼り付け!$A$1:$BZ$3001,37,$B$1)&"",FIND(" ",TRIM(INDEX(貼り付け!$A$1:$BZ$3001,37,$B$1)&"")&" ")-1)),"/","-"),"年","-"),"月","-"),"日",""))),"") | J38: =IFERROR(MID(I38,FIND("-",I38)+1,99),"")
B39: =IFERROR(IF($B$1=0,"",IF(INDEX(貼り付け!$A$1:$BZ$3001,38,$B$1)="","",IF(ISNUMBER(INDEX(貼り付け!$A$1:$BZ$3001,38,$B$1)),INT(INDEX(貼り付け!$A$1:$BZ$3001,38,$B$1)),DATE(VALUE(LEFT(I39,FIND("-",I39)-1)),VALUE(LEFT(J39,FIND("-",J39)-1)),VALUE(MID(J39,FIND("-",J39)+1,99)))))),"") | C39: =IF($C$1=0,0,IFERROR(VALUE(SUBSTITUTE(SUBSTITUTE(SUBSTITUTE(INDEX(貼り付け!$A$1:$BZ$3001,38,$C$1)&"",",",""),"¥",""),"￥","")),0)) | D39: =IF($D$1=0,0,IFERROR(VALUE(SUBSTITUTE(SUBSTITUTE(SUBSTITUTE(INDEX(貼り付け!$A$1:$BZ$3001,38,$D$1)&"",",",""),"¥",""),"￥","")),0)) | E39: =IF($E$1=0,0,IFERROR(VALUE(SUBSTITUTE(SUBSTITUTE(SUBSTITUTE(INDEX(貼り付け!$A$1:$BZ$3001,38,$E$1)&"",",",""),"¥",""),"￥","")),0)) | F39: =IF($F$1=0,0,IFERROR(VALUE(SUBSTITUTE(SUBSTITUTE(SUBSTITUTE(INDEX(貼り付け!$A$1:$BZ$3001,38,$F$1)&"",",",""),"¥",""),"￥","")),0)) | G39: =IF(ISNUMBER(B39),YEAR(B39),"") | H39: =IF(ISNUMBER(B39),MONTH(B39),"") | I39: =IFERROR(IF($B$1=0,"",IF(ISNUMBER(INDEX(貼り付け!$A$1:$BZ$3001,38,$B$1)),"",SUBSTITUTE(SUBSTITUTE(SUBSTITUTE(SUBSTITUTE(TRIM(LEFT(INDEX(貼り付け!$A$1:$BZ$3001,38,$B$1)&"",FIND(" ",TRIM(INDEX(貼り付け!$A$1:$BZ$3001,38,$B$1)&"")&" ")-1)),"/","-"),"年","-"),"月","-"),"日",""))),"") | J39: =IFERROR(MID(I39,FIND("-",I39)+1,99),"")
B40: =IFERROR(IF($B$1=0,"",IF(INDEX(貼り付け!$A$1:$BZ$3001,39,$B$1)="","",IF(ISNUMBER(INDEX(貼り付け!$A$1:$BZ$3001,39,$B$1)),INT(INDEX(貼り付け!$A$1:$BZ$3001,39,$B$1)),DATE(VALUE(LEFT(I40,FIND("-",I40)-1)),VALUE(LEFT(J40,FIND("-",J40)-1)),VALUE(MID(J40,FIND("-",J40)+1,99)))))),"") | C40: =IF($C$1=0,0,IFERROR(VALUE(SUBSTITUTE(SUBSTITUTE(SUBSTITUTE(INDEX(貼り付け!$A$1:$BZ$3001,39,$C$1)&"",",",""),"¥",""),"￥","")),0)) | D40: =IF($D$1=0,0,IFERROR(VALUE(SUBSTITUTE(SUBSTITUTE(SUBSTITUTE(INDEX(貼り付け!$A$1:$BZ$3001,39,$D$1)&"",",",""),"¥",""),"￥","")),0)) | E40: =IF($E$1=0,0,IFERROR(VALUE(SUBSTITUTE(SUBSTITUTE(SUBSTITUTE(INDEX(貼り付け!$A$1:$BZ$3001,39,$E$1)&"",",",""),"¥",""),"￥","")),0)) | F40: =IF($F$1=0,0,IFERROR(VALUE(SUBSTITUTE(SUBSTITUTE(SUBSTITUTE(INDEX(貼り付け!$A$1:$BZ$3001,39,$F$1)&"",",",""),"¥",""),"￥","")),0)) | G40: =IF(ISNUMBER(B40),YEAR(B40),"") | H40: =IF(ISNUMBER(B40),MONTH(B40),"") | I40: =IFERROR(IF($B$1=0,"",IF(ISNUMBER(INDEX(貼り付け!$A$1:$BZ$3001,39,$B$1)),"",SUBSTITUTE(SUBSTITUTE(SUBSTITUTE(SUBSTITUTE(TRIM(LEFT(INDEX(貼り付け!$A$1:$BZ$3001,39,$B$1)&"",FIND(" ",TRIM(INDEX(貼り付け!$A$1:$BZ$3001,39,$B$1)&"")&" ")-1)),"/","-"),"年","-"),"月","-"),"日",""))),"") | J40: =IFERROR(MID(I40,FIND("-",I40)+1,99),"")
B41: =IFERROR(IF($B$1=0,"",IF(INDEX(貼り付け!$A$1:$BZ$3001,40,$B$1)="","",IF(ISNUMBER(INDEX(貼り付け!$A$1:$BZ$3001,40,$B$1)),INT(INDEX(貼り付け!$A$1:$BZ$3001,40,$B$1)),DATE(VALUE(LEFT(I41,FIND("-",I41)-1)),VALUE(LEFT(J41,FIND("-",J41)-1)),VALUE(MID(J41,FIND("-",J41)+1,99)))))),"") | C41: =IF($C$1=0,0,IFERROR(VALUE(SUBSTITUTE(SUBSTITUTE(SUBSTITUTE(INDEX(貼り付け!$A$1:$BZ$3001,40,$C$1)&"",",",""),"¥",""),"￥","")),0)) | D41: =IF($D$1=0,0,IFERROR(VALUE(SUBSTITUTE(SUBSTITUTE(SUBSTITUTE(INDEX(貼り付け!$A$1:$BZ$3001,40,$D$1)&"",",",""),"¥",""),"￥","")),0)) | E41: =IF($E$1=0,0,IFERROR(VALUE(SUBSTITUTE(SUBSTITUTE(SUBSTITUTE(INDEX(貼り付け!$A$1:$BZ$3001,40,$E$1)&"",",",""),"¥",""),"￥","")),0)) | F41: =IF($F$1=0,0,IFERROR(VALUE(SUBSTITUTE(SUBSTITUTE(SUBSTITUTE(INDEX(貼り付け!$A$1:$BZ$3001,40,$F$1)&"",",",""),"¥",""),"￥","")),0)) | G41: =IF(ISNUMBER(B41),YEAR(B41),"") | H41: =IF(ISNUMBER(B41),MONTH(B41),"") | I41: =IFERROR(IF($B$1=0,"",IF(ISNUMBER(INDEX(貼り付け!$A$1:$BZ$3001,40,$B$1)),"",SUBSTITUTE(SUBSTITUTE(SUBSTITUTE(SUBSTITUTE(TRIM(LEFT(INDEX(貼り付け!$A$1:$BZ$3001,40,$B$1)&"",FIND(" ",TRIM(INDEX(貼り付け!$A$1:$BZ$3001,40,$B$1)&"")&" ")-1)),"/","-"),"年","-"),"月","-"),"日",""))),"") | J41: =IFERROR(MID(I41,FIND("-",I41)+1,99),"")
B42: =IFERROR(IF($B$1=0,"",IF(INDEX(貼り付け!$A$1:$BZ$3001,41,$B$1)="","",IF(ISNUMBER(INDEX(貼り付け!$A$1:$BZ$3001,41,$B$1)),INT(INDEX(貼り付け!$A$1:$BZ$3001,41,$B$1)),DATE(VALUE(LEFT(I42,FIND("-",I42)-1)),VALUE(LEFT(J42,FIND("-",J42)-1)),VALUE(MID(J42,FIND("-",J42)+1,99)))))),"") | C42: =IF($C$1=0,0,IFERROR(VALUE(SUBSTITUTE(SUBSTITUTE(SUBSTITUTE(INDEX(貼り付け!$A$1:$BZ$3001,41,$C$1)&"",",",""),"¥",""),"￥","")),0)) | D42: =IF($D$1=0,0,IFERROR(VALUE(SUBSTITUTE(SUBSTITUTE(SUBSTITUTE(INDEX(貼り付け!$A$1:$BZ$3001,41,$D$1)&"",",",""),"¥",""),"￥","")),0)) | E42: =IF($E$1=0,0,IFERROR(VALUE(SUBSTITUTE(SUBSTITUTE(SUBSTITUTE(INDEX(貼り付け!$A$1:$BZ$3001,41,$E$1)&"",",",""),"¥",""),"￥","")),0)) | F42: =IF($F$1=0,0,IFERROR(VALUE(SUBSTITUTE(SUBSTITUTE(SUBSTITUTE(INDEX(貼り付け!$A$1:$BZ$3001,41,$F$1)&"",",",""),"¥",""),"￥","")),0)) | G42: =IF(ISNUMBER(B42),YEAR(B42),"") | H42: =IF(ISNUMBER(B42),MONTH(B42),"") | I42: =IFERROR(IF($B$1=0,"",IF(ISNUMBER(INDEX(貼り付け!$A$1:$BZ$3001,41,$B$1)),"",SUBSTITUTE(SUBSTITUTE(SUBSTITUTE(SUBSTITUTE(TRIM(LEFT(INDEX(貼り付け!$A$1:$BZ$3001,41,$B$1)&"",FIND(" ",TRIM(INDEX(貼り付け!$A$1:$BZ$3001,41,$B$1)&"")&" ")-1)),"/","-"),"年","-"),"月","-"),"日",""))),"") | J42: =IFERROR(MID(I42,FIND("-",I42)+1,99),"")
B43: =IFERROR(IF($B$1=0,"",IF(INDEX(貼り付け!$A$1:$BZ$3001,42,$B$1)="","",IF(ISNUMBER(INDEX(貼り付け!$A$1:$BZ$3001,42,$B$1)),INT(INDEX(貼り付け!$A$1:$BZ$3001,42,$B$1)),DATE(VALUE(LEFT(I43,FIND("-",I43)-1)),VALUE(LEFT(J43,FIND("-",J43)-1)),VALUE(MID(J43,FIND("-",J43)+1,99)))))),"") | C43: =IF($C$1=0,0,IFERROR(VALUE(SUBSTITUTE(SUBSTITUTE(SUBSTITUTE(INDEX(貼り付け!$A$1:$BZ$3001,42,$C$1)&"",",",""),"¥",""),"￥","")),0)) | D43: =IF($D$1=0,0,IFERROR(VALUE(SUBSTITUTE(SUBSTITUTE(SUBSTITUTE(INDEX(貼り付け!$A$1:$BZ$3001,42,$D$1)&"",",",""),"¥",""),"￥","")),0)) | E43: =IF($E$1=0,0,IFERROR(VALUE(SUBSTITUTE(SUBSTITUTE(SUBSTITUTE(INDEX(貼り付け!$A$1:$BZ$3001,42,$E$1)&"",",",""),"¥",""),"￥","")),0)) | F43: =IF($F$1=0,0,IFERROR(VALUE(SUBSTITUTE(SUBSTITUTE(SUBSTITUTE(INDEX(貼り付け!$A$1:$BZ$3001,42,$F$1)&"",",",""),"¥",""),"￥","")),0)) | G43: =IF(ISNUMBER(B43),YEAR(B43),"") | H43: =IF(ISNUMBER(B43),MONTH(B43),"") | I43: =IFERROR(IF($B$1=0,"",IF(ISNUMBER(INDEX(貼り付け!$A$1:$BZ$3001,42,$B$1)),"",SUBSTITUTE(SUBSTITUTE(SUBSTITUTE(SUBSTITUTE(TRIM(LEFT(INDEX(貼り付け!$A$1:$BZ$3001,42,$B$1)&"",FIND(" ",TRIM(INDEX(貼り付け!$A$1:$BZ$3001,42,$B$1)&"")&" ")-1)),"/","-"),"年","-"),"月","-"),"日",""))),"") | J43: =IFERROR(MID(I43,FIND("-",I43)+1,99),"")
B44: =IFERROR(IF($B$1=0,"",IF(INDEX(貼り付け!$A$1:$BZ$3001,43,$B$1)="","",IF(ISNUMBER(INDEX(貼り付け!$A$1:$BZ$3001,43,$B$1)),INT(INDEX(貼り付け!$A$1:$BZ$3001,43,$B$1)),DATE(VALUE(LEFT(I44,FIND("-",I44)-1)),VALUE(LEFT(J44,FIND("-",J44)-1)),VALUE(MID(J44,FIND("-",J44)+1,99)))))),"") | C44: =IF($C$1=0,0,IFERROR(VALUE(SUBSTITUTE(SUBSTITUTE(SUBSTITUTE(INDEX(貼り付け!$A$1:$BZ$3001,43,$C$1)&"",",",""),"¥",""),"￥","")),0)) | D44: =IF($D$1=0,0,IFERROR(VALUE(SUBSTITUTE(SUBSTITUTE(SUBSTITUTE(INDEX(貼り付け!$A$1:$BZ$3001,43,$D$1)&"",",",""),"¥",""),"￥","")),0)) | E44: =IF($E$1=0,0,IFERROR(VALUE(SUBSTITUTE(SUBSTITUTE(SUBSTITUTE(INDEX(貼り付け!$A$1:$BZ$3001,43,$E$1)&"",",",""),"¥",""),"￥","")),0)) | F44: =IF($F$1=0,0,IFERROR(VALUE(SUBSTITUTE(SUBSTITUTE(SUBSTITUTE(INDEX(貼り付け!$A$1:$BZ$3001,43,$F$1)&"",",",""),"¥",""),"￥","")),0)) | G44: =IF(ISNUMBER(B44),YEAR(B44),"") | H44: =IF(ISNUMBER(B44),MONTH(B44),"") | I44: =IFERROR(IF($B$1=0,"",IF(ISNUMBER(INDEX(貼り付け!$A$1:$BZ$3001,43,$B$1)),"",SUBSTITUTE(SUBSTITUTE(SUBSTITUTE(SUBSTITUTE(TRIM(LEFT(INDEX(貼り付け!$A$1:$BZ$3001,43,$B$1)&"",FIND(" ",TRIM(INDEX(貼り付け!$A$1:$BZ$3001,43,$B$1)&"")&" ")-1)),"/","-"),"年","-"),"月","-"),"日",""))),"") | J44: =IFERROR(MID(I44,FIND("-",I44)+1,99),"")
B45: =IFERROR(IF($B$1=0,"",IF(INDEX(貼り付け!$A$1:$BZ$3001,44,$B$1)="","",IF(ISNUMBER(INDEX(貼り付け!$A$1:$BZ$3001,44,$B$1)),INT(INDEX(貼り付け!$A$1:$BZ$3001,44,$B$1)),DATE(VALUE(LEFT(I45,FIND("-",I45)-1)),VALUE(LEFT(J45,FIND("-",J45)-1)),VALUE(MID(J45,FIND("-",J45)+1,99)))))),"") | C45: =IF($C$1=0,0,IFERROR(VALUE(SUBSTITUTE(SUBSTITUTE(SUBSTITUTE(INDEX(貼り付け!$A$1:$BZ$3001,44,$C$1)&"",",",""),"¥",""),"￥","")),0)) | D45: =IF($D$1=0,0,IFERROR(VALUE(SUBSTITUTE(SUBSTITUTE(SUBSTITUTE(INDEX(貼り付け!$A$1:$BZ$3001,44,$D$1)&"",",",""),"¥",""),"￥","")),0)) | E45: =IF($E$1=0,0,IFERROR(VALUE(SUBSTITUTE(SUBSTITUTE(SUBSTITUTE(INDEX(貼り付け!$A$1:$BZ$3001,44,$E$1)&"",",",""),"¥",""),"￥","")),0)) | F45: =IF($F$1=0,0,IFERROR(VALUE(SUBSTITUTE(SUBSTITUTE(SUBSTITUTE(INDEX(貼り付け!$A$1:$BZ$3001,44,$F$1)&"",",",""),"¥",""),"￥","")),0)) | G45: =IF(ISNUMBER(B45),YEAR(B45),"") | H45: =IF(ISNUMBER(B45),MONTH(B45),"") | I45: =IFERROR(IF($B$1=0,"",IF(ISNUMBER(INDEX(貼り付け!$A$1:$BZ$3001,44,$B$1)),"",SUBSTITUTE(SUBSTITUTE(SUBSTITUTE(SUBSTITUTE(TRIM(LEFT(INDEX(貼り付け!$A$1:$BZ$3001,44,$B$1)&"",FIND(" ",TRIM(INDEX(貼り付け!$A$1:$BZ$3001,44,$B$1)&"")&" ")-1)),"/","-"),"年","-"),"月","-"),"日",""))),"") | J45: =IFERROR(MID(I45,FIND("-",I45)+1,99),"")
B46: =IFERROR(IF($B$1=0,"",IF(INDEX(貼り付け!$A$1:$BZ$3001,45,$B$1)="","",IF(ISNUMBER(INDEX(貼り付け!$A$1:$BZ$3001,45,$B$1)),INT(INDEX(貼り付け!$A$1:$BZ$3001,45,$B$1)),DATE(VALUE(LEFT(I46,FIND("-",I46)-1)),VALUE(LEFT(J46,FIND("-",J46)-1)),VALUE(MID(J46,FIND("-",J46)+1,99)))))),"") | C46: =IF($C$1=0,0,IFERROR(VALUE(SUBSTITUTE(SUBSTITUTE(SUBSTITUTE(INDEX(貼り付け!$A$1:$BZ$3001,45,$C$1)&"",",",""),"¥",""),"￥","")),0)) | D46: =IF($D$1=0,0,IFERROR(VALUE(SUBSTITUTE(SUBSTITUTE(SUBSTITUTE(INDEX(貼り付け!$A$1:$BZ$3001,45,$D$1)&"",",",""),"¥",""),"￥","")),0)) | E46: =IF($E$1=0,0,IFERROR(VALUE(SUBSTITUTE(SUBSTITUTE(SUBSTITUTE(INDEX(貼り付け!$A$1:$BZ$3001,45,$E$1)&"",",",""),"¥",""),"￥","")),0)) | F46: =IF($F$1=0,0,IFERROR(VALUE(SUBSTITUTE(SUBSTITUTE(SUBSTITUTE(INDEX(貼り付け!$A$1:$BZ$3001,45,$F$1)&"",",",""),"¥",""),"￥","")),0)) | G46: =IF(ISNUMBER(B46),YEAR(B46),"") | H46: =IF(ISNUMBER(B46),MONTH(B46),"") | I46: =IFERROR(IF($B$1=0,"",IF(ISNUMBER(INDEX(貼り付け!$A$1:$BZ$3001,45,$B$1)),"",SUBSTITUTE(SUBSTITUTE(SUBSTITUTE(SUBSTITUTE(TRIM(LEFT(INDEX(貼り付け!$A$1:$BZ$3001,45,$B$1)&"",FIND(" ",TRIM(INDEX(貼り付け!$A$1:$BZ$3001,45,$B$1)&"")&" ")-1)),"/","-"),"年","-"),"月","-"),"日",""))),"") | J46: =IFERROR(MID(I46,FIND("-",I46)+1,99),"")
B47: =IFERROR(IF($B$1=0,"",IF(INDEX(貼り付け!$A$1:$BZ$3001,46,$B$1)="","",IF(ISNUMBER(INDEX(貼り付け!$A$1:$BZ$3001,46,$B$1)),INT(INDEX(貼り付け!$A$1:$BZ$3001,46,$B$1)),DATE(VALUE(LEFT(I47,FIND("-",I47)-1)),VALUE(LEFT(J47,FIND("-",J47)-1)),VALUE(MID(J47,FIND("-",J47)+1,99)))))),"") | C47: =IF($C$1=0,0,IFERROR(VALUE(SUBSTITUTE(SUBSTITUTE(SUBSTITUTE(INDEX(貼り付け!$A$1:$BZ$3001,46,$C$1)&"",",",""),"¥",""),"￥","")),0)) | D47: =IF($D$1=0,0,IFERROR(VALUE(SUBSTITUTE(SUBSTITUTE(SUBSTITUTE(INDEX(貼り付け!$A$1:$BZ$3001,46,$D$1)&"",",",""),"¥",""),"￥","")),0)) | E47: =IF($E$1=0,0,IFERROR(VALUE(SUBSTITUTE(SUBSTITUTE(SUBSTITUTE(INDEX(貼り付け!$A$1:$BZ$3001,46,$E$1)&"",",",""),"¥",""),"￥","")),0)) | F47: =IF($F$1=0,0,IFERROR(VALUE(SUBSTITUTE(SUBSTITUTE(SUBSTITUTE(INDEX(貼り付け!$A$1:$BZ$3001,46,$F$1)&"",",",""),"¥",""),"￥","")),0)) | G47: =IF(ISNUMBER(B47),YEAR(B47),"") | H47: =IF(ISNUMBER(B47),MONTH(B47),"") | I47: =IFERROR(IF($B$1=0,"",IF(ISNUMBER(INDEX(貼り付け!$A$1:$BZ$3001,46,$B$1)),"",SUBSTITUTE(SUBSTITUTE(SUBSTITUTE(SUBSTITUTE(TRIM(LEFT(INDEX(貼り付け!$A$1:$BZ$3001,46,$B$1)&"",FIND(" ",TRIM(INDEX(貼り付け!$A$1:$BZ$3001,46,$B$1)&"")&" ")-1)),"/","-"),"年","-"),"月","-"),"日",""))),"") | J47: =IFERROR(MID(I47,FIND("-",I47)+1,99),"")
B48: =IFERROR(IF($B$1=0,"",IF(INDEX(貼り付け!$A$1:$BZ$3001,47,$B$1)="","",IF(ISNUMBER(INDEX(貼り付け!$A$1:$BZ$3001,47,$B$1)),INT(INDEX(貼り付け!$A$1:$BZ$3001,47,$B$1)),DATE(VALUE(LEFT(I48,FIND("-",I48)-1)),VALUE(LEFT(J48,FIND("-",J48)-1)),VALUE(MID(J48,FIND("-",J48)+1,99)))))),"") | C48: =IF($C$1=0,0,IFERROR(VALUE(SUBSTITUTE(SUBSTITUTE(SUBSTITUTE(INDEX(貼り付け!$A$1:$BZ$3001,47,$C$1)&"",",",""),"¥",""),"￥","")),0)) | D48: =IF($D$1=0,0,IFERROR(VALUE(SUBSTITUTE(SUBSTITUTE(SUBSTITUTE(INDEX(貼り付け!$A$1:$BZ$3001,47,$D$1)&"",",",""),"¥",""),"￥","")),0)) | E48: =IF($E$1=0,0,IFERROR(VALUE(SUBSTITUTE(SUBSTITUTE(SUBSTITUTE(INDEX(貼り付け!$A$1:$BZ$3001,47,$E$1)&"",",",""),"¥",""),"￥","")),0)) | F48: =IF($F$1=0,0,IFERROR(VALUE(SUBSTITUTE(SUBSTITUTE(SUBSTITUTE(INDEX(貼り付け!$A$1:$BZ$3001,47,$F$1)&"",",",""),"¥",""),"￥","")),0)) | G48: =IF(ISNUMBER(B48),YEAR(B48),"") | H48: =IF(ISNUMBER(B48),MONTH(B48),"") | I48: =IFERROR(IF($B$1=0,"",IF(ISNUMBER(INDEX(貼り付け!$A$1:$BZ$3001,47,$B$1)),"",SUBSTITUTE(SUBSTITUTE(SUBSTITUTE(SUBSTITUTE(TRIM(LEFT(INDEX(貼り付け!$A$1:$BZ$3001,47,$B$1)&"",FIND(" ",TRIM(INDEX(貼り付け!$A$1:$BZ$3001,47,$B$1)&"")&" ")-1)),"/","-"),"年","-"),"月","-"),"日",""))),"") | J48: =IFERROR(MID(I48,FIND("-",I48)+1,99),"")
B49: =IFERROR(IF($B$1=0,"",IF(INDEX(貼り付け!$A$1:$BZ$3001,48,$B$1)="","",IF(ISNUMBER(INDEX(貼り付け!$A$1:$BZ$3001,48,$B$1)),INT(INDEX(貼り付け!$A$1:$BZ$3001,48,$B$1)),DATE(VALUE(LEFT(I49,FIND("-",I49)-1)),VALUE(LEFT(J49,FIND("-",J49)-1)),VALUE(MID(J49,FIND("-",J49)+1,99)))))),"") | C49: =IF($C$1=0,0,IFERROR(VALUE(SUBSTITUTE(SUBSTITUTE(SUBSTITUTE(INDEX(貼り付け!$A$1:$BZ$3001,48,$C$1)&"",",",""),"¥",""),"￥","")),0)) | D49: =IF($D$1=0,0,IFERROR(VALUE(SUBSTITUTE(SUBSTITUTE(SUBSTITUTE(INDEX(貼り付け!$A$1:$BZ$3001,48,$D$1)&"",",",""),"¥",""),"￥","")),0)) | E49: =IF($E$1=0,0,IFERROR(VALUE(SUBSTITUTE(SUBSTITUTE(SUBSTITUTE(INDEX(貼り付け!$A$1:$BZ$3001,48,$E$1)&"",",",""),"¥",""),"￥","")),0)) | F49: =IF($F$1=0,0,IFERROR(VALUE(SUBSTITUTE(SUBSTITUTE(SUBSTITUTE(INDEX(貼り付け!$A$1:$BZ$3001,48,$F$1)&"",",",""),"¥",""),"￥","")),0)) | G49: =IF(ISNUMBER(B49),YEAR(B49),"") | H49: =IF(ISNUMBER(B49),MONTH(B49),"") | I49: =IFERROR(IF($B$1=0,"",IF(ISNUMBER(INDEX(貼り付け!$A$1:$BZ$3001,48,$B$1)),"",SUBSTITUTE(SUBSTITUTE(SUBSTITUTE(SUBSTITUTE(TRIM(LEFT(INDEX(貼り付け!$A$1:$BZ$3001,48,$B$1)&"",FIND(" ",TRIM(INDEX(貼り付け!$A$1:$BZ$3001,48,$B$1)&"")&" ")-1)),"/","-"),"年","-"),"月","-"),"日",""))),"") | J49: =IFERROR(MID(I49,FIND("-",I49)+1,99),"")
B50: =IFERROR(IF($B$1=0,"",IF(INDEX(貼り付け!$A$1:$BZ$3001,49,$B$1)="","",IF(ISNUMBER(INDEX(貼り付け!$A$1:$BZ$3001,49,$B$1)),INT(INDEX(貼り付け!$A$1:$BZ$3001,49,$B$1)),DATE(VALUE(LEFT(I50,FIND("-",I50)-1)),VALUE(LEFT(J50,FIND("-",J50)-1)),VALUE(MID(J50,FIND("-",J50)+1,99)))))),"") | C50: =IF($C$1=0,0,IFERROR(VALUE(SUBSTITUTE(SUBSTITUTE(SUBSTITUTE(INDEX(貼り付け!$A$1:$BZ$3001,49,$C$1)&"",",",""),"¥",""),"￥","")),0)) | D50: =IF($D$1=0,0,IFERROR(VALUE(SUBSTITUTE(SUBSTITUTE(SUBSTITUTE(INDEX(貼り付け!$A$1:$BZ$3001,49,$D$1)&"",",",""),"¥",""),"￥","")),0)) | E50: =IF($E$1=0,0,IFERROR(VALUE(SUBSTITUTE(SUBSTITUTE(SUBSTITUTE(INDEX(貼り付け!$A$1:$BZ$3001,49,$E$1)&"",",",""),"¥",""),"￥","")),0)) | F50: =IF($F$1=0,0,IFERROR(VALUE(SUBSTITUTE(SUBSTITUTE(SUBSTITUTE(INDEX(貼り付け!$A$1:$BZ$3001,49,$F$1)&"",",",""),"¥",""),"￥","")),0)) | G50: =IF(ISNUMBER(B50),YEAR(B50),"") | H50: =IF(ISNUMBER(B50),MONTH(B50),"") | I50: =IFERROR(IF($B$1=0,"",IF(ISNUMBER(INDEX(貼り付け!$A$1:$BZ$3001,49,$B$1)),"",SUBSTITUTE(SUBSTITUTE(SUBSTITUTE(SUBSTITUTE(TRIM(LEFT(INDEX(貼り付け!$A$1:$BZ$3001,49,$B$1)&"",FIND(" ",TRIM(INDEX(貼り付け!$A$1:$BZ$3001,49,$B$1)&"")&" ")-1)),"/","-"),"年","-"),"月","-"),"日",""))),"") | J50: =IFERROR(MID(I50,FIND("-",I50)+1,99),"")
B51: =IFERROR(IF($B$1=0,"",IF(INDEX(貼り付け!$A$1:$BZ$3001,50,$B$1)="","",IF(ISNUMBER(INDEX(貼り付け!$A$1:$BZ$3001,50,$B$1)),INT(INDEX(貼り付け!$A$1:$BZ$3001,50,$B$1)),DATE(VALUE(LEFT(I51,FIND("-",I51)-1)),VALUE(LEFT(J51,FIND("-",J51)-1)),VALUE(MID(J51,FIND("-",J51)+1,99)))))),"") | C51: =IF($C$1=0,0,IFERROR(VALUE(SUBSTITUTE(SUBSTITUTE(SUBSTITUTE(INDEX(貼り付け!$A$1:$BZ$3001,50,$C$1)&"",",",""),"¥",""),"￥","")),0)) | D51: =IF($D$1=0,0,IFERROR(VALUE(SUBSTITUTE(SUBSTITUTE(SUBSTITUTE(INDEX(貼り付け!$A$1:$BZ$3001,50,$D$1)&"",",",""),"¥",""),"￥","")),0)) | E51: =IF($E$1=0,0,IFERROR(VALUE(SUBSTITUTE(SUBSTITUTE(SUBSTITUTE(INDEX(貼り付け!$A$1:$BZ$3001,50,$E$1)&"",",",""),"¥",""),"￥","")),0)) | F51: =IF($F$1=0,0,IFERROR(VALUE(SUBSTITUTE(SUBSTITUTE(SUBSTITUTE(INDEX(貼り付け!$A$1:$BZ$3001,50,$F$1)&"",",",""),"¥",""),"￥","")),0)) | G51: =IF(ISNUMBER(B51),YEAR(B51),"") | H51: =IF(ISNUMBER(B51),MONTH(B51),"") | I51: =IFERROR(IF($B$1=0,"",IF(ISNUMBER(INDEX(貼り付け!$A$1:$BZ$3001,50,$B$1)),"",SUBSTITUTE(SUBSTITUTE(SUBSTITUTE(SUBSTITUTE(TRIM(LEFT(INDEX(貼り付け!$A$1:$BZ$3001,50,$B$1)&"",FIND(" ",TRIM(INDEX(貼り付け!$A$1:$BZ$3001,50,$B$1)&"")&" ")-1)),"/","-"),"年","-"),"月","-"),"日",""))),"") | J51: =IFERROR(MID(I51,FIND("-",I51)+1,99),"")
B52: =IFERROR(IF($B$1=0,"",IF(INDEX(貼り付け!$A$1:$BZ$3001,51,$B$1)="","",IF(ISNUMBER(INDEX(貼り付け!$A$1:$BZ$3001,51,$B$1)),INT(INDEX(貼り付け!$A$1:$BZ$3001,51,$B$1)),DATE(VALUE(LEFT(I52,FIND("-",I52)-1)),VALUE(LEFT(J52,FIND("-",J52)-1)),VALUE(MID(J52,FIND("-",J52)+1,99)))))),"") | C52: =IF($C$1=0,0,IFERROR(VALUE(SUBSTITUTE(SUBSTITUTE(SUBSTITUTE(INDEX(貼り付け!$A$1:$BZ$3001,51,$C$1)&"",",",""),"¥",""),"￥","")),0)) | D52: =IF($D$1=0,0,IFERROR(VALUE(SUBSTITUTE(SUBSTITUTE(SUBSTITUTE(INDEX(貼り付け!$A$1:$BZ$3001,51,$D$1)&"",",",""),"¥",""),"￥","")),0)) | E52: =IF($E$1=0,0,IFERROR(VALUE(SUBSTITUTE(SUBSTITUTE(SUBSTITUTE(INDEX(貼り付け!$A$1:$BZ$3001,51,$E$1)&"",",",""),"¥",""),"￥","")),0)) | F52: =IF($F$1=0,0,IFERROR(VALUE(SUBSTITUTE(SUBSTITUTE(SUBSTITUTE(INDEX(貼り付け!$A$1:$BZ$3001,51,$F$1)&"",",",""),"¥",""),"￥","")),0)) | G52: =IF(ISNUMBER(B52),YEAR(B52),"") | H52: =IF(ISNUMBER(B52),MONTH(B52),"") | I52: =IFERROR(IF($B$1=0,"",IF(ISNUMBER(INDEX(貼り付け!$A$1:$BZ$3001,51,$B$1)),"",SUBSTITUTE(SUBSTITUTE(SUBSTITUTE(SUBSTITUTE(TRIM(LEFT(INDEX(貼り付け!$A$1:$BZ$3001,51,$B$1)&"",FIND(" ",TRIM(INDEX(貼り付け!$A$1:$BZ$3001,51,$B$1)&"")&" ")-1)),"/","-"),"年","-"),"月","-"),"日",""))),"") | J52: =IFERROR(MID(I52,FIND("-",I52)+1,99),"")
B53: =IFERROR(IF($B$1=0,"",IF(INDEX(貼り付け!$A$1:$BZ$3001,52,$B$1)="","",IF(ISNUMBER(INDEX(貼り付け!$A$1:$BZ$3001,52,$B$1)),INT(INDEX(貼り付け!$A$1:$BZ$3001,52,$B$1)),DATE(VALUE(LEFT(I53,FIND("-",I53)-1)),VALUE(LEFT(J53,FIND("-",J53)-1)),VALUE(MID(J53,FIND("-",J53)+1,99)))))),"") | C53: =IF($C$1=0,0,IFERROR(VALUE(SUBSTITUTE(SUBSTITUTE(SUBSTITUTE(INDEX(貼り付け!$A$1:$BZ$3001,52,$C$1)&"",",",""),"¥",""),"￥","")),0)) | D53: =IF($D$1=0,0,IFERROR(VALUE(SUBSTITUTE(SUBSTITUTE(SUBSTITUTE(INDEX(貼り付け!$A$1:$BZ$3001,52,$D$1)&"",",",""),"¥",""),"￥","")),0)) | E53: =IF($E$1=0,0,IFERROR(VALUE(SUBSTITUTE(SUBSTITUTE(SUBSTITUTE(INDEX(貼り付け!$A$1:$BZ$3001,52,$E$1)&"",",",""),"¥",""),"￥","")),0)) | F53: =IF($F$1=0,0,IFERROR(VALUE(SUBSTITUTE(SUBSTITUTE(SUBSTITUTE(INDEX(貼り付け!$A$1:$BZ$3001,52,$F$1)&"",",",""),"¥",""),"￥","")),0)) | G53: =IF(ISNUMBER(B53),YEAR(B53),"") | H53: =IF(ISNUMBER(B53),MONTH(B53),"") | I53: =IFERROR(IF($B$1=0,"",IF(ISNUMBER(INDEX(貼り付け!$A$1:$BZ$3001,52,$B$1)),"",SUBSTITUTE(SUBSTITUTE(SUBSTITUTE(SUBSTITUTE(TRIM(LEFT(INDEX(貼り付け!$A$1:$BZ$3001,52,$B$1)&"",FIND(" ",TRIM(INDEX(貼り付け!$A$1:$BZ$3001,52,$B$1)&"")&" ")-1)),"/","-"),"年","-"),"月","-"),"日",""))),"") | J53: =IFERROR(MID(I53,FIND("-",I53)+1,99),"")
B54: =IFERROR(IF($B$1=0,"",IF(INDEX(貼り付け!$A$1:$BZ$3001,53,$B$1)="","",IF(ISNUMBER(INDEX(貼り付け!$A$1:$BZ$3001,53,$B$1)),INT(INDEX(貼り付け!$A$1:$BZ$3001,53,$B$1)),DATE(VALUE(LEFT(I54,FIND("-",I54)-1)),VALUE(LEFT(J54,FIND("-",J54)-1)),VALUE(MID(J54,FIND("-",J54)+1,99)))))),"") | C54: =IF($C$1=0,0,IFERROR(VALUE(SUBSTITUTE(SUBSTITUTE(SUBSTITUTE(INDEX(貼り付け!$A$1:$BZ$3001,53,$C$1)&"",",",""),"¥",""),"￥","")),0)) | D54: =IF($D$1=0,0,IFERROR(VALUE(SUBSTITUTE(SUBSTITUTE(SUBSTITUTE(INDEX(貼り付け!$A$1:$BZ$3001,53,$D$1)&"",",",""),"¥",""),"￥","")),0)) | E54: =IF($E$1=0,0,IFERROR(VALUE(SUBSTITUTE(SUBSTITUTE(SUBSTITUTE(INDEX(貼り付け!$A$1:$BZ$3001,53,$E$1)&"",",",""),"¥",""),"￥","")),0)) | F54: =IF($F$1=0,0,IFERROR(VALUE(SUBSTITUTE(SUBSTITUTE(SUBSTITUTE(INDEX(貼り付け!$A$1:$BZ$3001,53,$F$1)&"",",",""),"¥",""),"￥","")),0)) | G54: =IF(ISNUMBER(B54),YEAR(B54),"") | H54: =IF(ISNUMBER(B54),MONTH(B54),"") | I54: =IFERROR(IF($B$1=0,"",IF(ISNUMBER(INDEX(貼り付け!$A$1:$BZ$3001,53,$B$1)),"",SUBSTITUTE(SUBSTITUTE(SUBSTITUTE(SUBSTITUTE(TRIM(LEFT(INDEX(貼り付け!$A$1:$BZ$3001,53,$B$1)&"",FIND(" ",TRIM(INDEX(貼り付け!$A$1:$BZ$3001,53,$B$1)&"")&" ")-1)),"/","-"),"年","-"),"月","-"),"日",""))),"") | J54: =IFERROR(MID(I54,FIND("-",I54)+1,99),"")
B55: =IFERROR(IF($B$1=0,"",IF(INDEX(貼り付け!$A$1:$BZ$3001,54,$B$1)="","",IF(ISNUMBER(INDEX(貼り付け!$A$1:$BZ$3001,54,$B$1)),INT(INDEX(貼り付け!$A$1:$BZ$3001,54,$B$1)),DATE(VALUE(LEFT(I55,FIND("-",I55)-1)),VALUE(LEFT(J55,FIND("-",J55)-1)),VALUE(MID(J55,FIND("-",J55)+1,99)))))),"") | C55: =IF($C$1=0,0,IFERROR(VALUE(SUBSTITUTE(SUBSTITUTE(SUBSTITUTE(INDEX(貼り付け!$A$1:$BZ$3001,54,$C$1)&"",",",""),"¥",""),"￥","")),0)) | D55: =IF($D$1=0,0,IFERROR(VALUE(SUBSTITUTE(SUBSTITUTE(SUBSTITUTE(INDEX(貼り付け!$A$1:$BZ$3001,54,$D$1)&"",",",""),"¥",""),"￥","")),0)) | E55: =IF($E$1=0,0,IFERROR(VALUE(SUBSTITUTE(SUBSTITUTE(SUBSTITUTE(INDEX(貼り付け!$A$1:$BZ$3001,54,$E$1)&"",",",""),"¥",""),"￥","")),0)) | F55: =IF($F$1=0,0,IFERROR(VALUE(SUBSTITUTE(SUBSTITUTE(SUBSTITUTE(INDEX(貼り付け!$A$1:$BZ$3001,54,$F$1)&"",",",""),"¥",""),"￥","")),0)) | G55: =IF(ISNUMBER(B55),YEAR(B55),"") | H55: =IF(ISNUMBER(B55),MONTH(B55),"") | I55: =IFERROR(IF($B$1=0,"",IF(ISNUMBER(INDEX(貼り付け!$A$1:$BZ$3001,54,$B$1)),"",SUBSTITUTE(SUBSTITUTE(SUBSTITUTE(SUBSTITUTE(TRIM(LEFT(INDEX(貼り付け!$A$1:$BZ$3001,54,$B$1)&"",FIND(" ",TRIM(INDEX(貼り付け!$A$1:$BZ$3001,54,$B$1)&"")&" ")-1)),"/","-"),"年","-"),"月","-"),"日",""))),"") | J55: =IFERROR(MID(I55,FIND("-",I55)+1,99),"")
B56: =IFERROR(IF($B$1=0,"",IF(INDEX(貼り付け!$A$1:$BZ$3001,55,$B$1)="","",IF(ISNUMBER(INDEX(貼り付け!$A$1:$BZ$3001,55,$B$1)),INT(INDEX(貼り付け!$A$1:$BZ$3001,55,$B$1)),DATE(VALUE(LEFT(I56,FIND("-",I56)-1)),VALUE(LEFT(J56,FIND("-",J56)-1)),VALUE(MID(J56,FIND("-",J56)+1,99)))))),"") | C56: =IF($C$1=0,0,IFERROR(VALUE(SUBSTITUTE(SUBSTITUTE(SUBSTITUTE(INDEX(貼り付け!$A$1:$BZ$3001,55,$C$1)&"",",",""),"¥",""),"￥","")),0)) | D56: =IF($D$1=0,0,IFERROR(VALUE(SUBSTITUTE(SUBSTITUTE(SUBSTITUTE(INDEX(貼り付け!$A$1:$BZ$3001,55,$D$1)&"",",",""),"¥",""),"￥","")),0)) | E56: =IF($E$1=0,0,IFERROR(VALUE(SUBSTITUTE(SUBSTITUTE(SUBSTITUTE(INDEX(貼り付け!$A$1:$BZ$3001,55,$E$1)&"",",",""),"¥",""),"￥","")),0)) | F56: =IF($F$1=0,0,IFERROR(VALUE(SUBSTITUTE(SUBSTITUTE(SUBSTITUTE(INDEX(貼り付け!$A$1:$BZ$3001,55,$F$1)&"",",",""),"¥",""),"￥","")),0)) | G56: =IF(ISNUMBER(B56),YEAR(B56),"") | H56: =IF(ISNUMBER(B56),MONTH(B56),"") | I56: =IFERROR(IF($B$1=0,"",IF(ISNUMBER(INDEX(貼り付け!$A$1:$BZ$3001,55,$B$1)),"",SUBSTITUTE(SUBSTITUTE(SUBSTITUTE(SUBSTITUTE(TRIM(LEFT(INDEX(貼り付け!$A$1:$BZ$3001,55,$B$1)&"",FIND(" ",TRIM(INDEX(貼り付け!$A$1:$BZ$3001,55,$B$1)&"")&" ")-1)),"/","-"),"年","-"),"月","-"),"日",""))),"") | J56: =IFERROR(MID(I56,FIND("-",I56)+1,99),"")
B57: =IFERROR(IF($B$1=0,"",IF(INDEX(貼り付け!$A$1:$BZ$3001,56,$B$1)="","",IF(ISNUMBER(INDEX(貼り付け!$A$1:$BZ$3001,56,$B$1)),INT(INDEX(貼り付け!$A$1:$BZ$3001,56,$B$1)),DATE(VALUE(LEFT(I57,FIND("-",I57)-1)),VALUE(LEFT(J57,FIND("-",J57)-1)),VALUE(MID(J57,FIND("-",J57)+1,99)))))),"") | C57: =IF($C$1=0,0,IFERROR(VALUE(SUBSTITUTE(SUBSTITUTE(SUBSTITUTE(INDEX(貼り付け!$A$1:$BZ$3001,56,$C$1)&"",",",""),"¥",""),"￥","")),0)) | D57: =IF($D$1=0,0,IFERROR(VALUE(SUBSTITUTE(SUBSTITUTE(SUBSTITUTE(INDEX(貼り付け!$A$1:$BZ$3001,56,$D$1)&"",",",""),"¥",""),"￥","")),0)) | E57: =IF($E$1=0,0,IFERROR(VALUE(SUBSTITUTE(SUBSTITUTE(SUBSTITUTE(INDEX(貼り付け!$A$1:$BZ$3001,56,$E$1)&"",",",""),"¥",""),"￥","")),0)) | F57: =IF($F$1=0,0,IFERROR(VALUE(SUBSTITUTE(SUBSTITUTE(SUBSTITUTE(INDEX(貼り付け!$A$1:$BZ$3001,56,$F$1)&"",",",""),"¥",""),"￥","")),0)) | G57: =IF(ISNUMBER(B57),YEAR(B57),"") | H57: =IF(ISNUMBER(B57),MONTH(B57),"") | I57: =IFERROR(IF($B$1=0,"",IF(ISNUMBER(INDEX(貼り付け!$A$1:$BZ$3001,56,$B$1)),"",SUBSTITUTE(SUBSTITUTE(SUBSTITUTE(SUBSTITUTE(TRIM(LEFT(INDEX(貼り付け!$A$1:$BZ$3001,56,$B$1)&"",FIND(" ",TRIM(INDEX(貼り付け!$A$1:$BZ$3001,56,$B$1)&"")&" ")-1)),"/","-"),"年","-"),"月","-"),"日",""))),"") | J57: =IFERROR(MID(I57,FIND("-",I57)+1,99),"")
B58: =IFERROR(IF($B$1=0,"",IF(INDEX(貼り付け!$A$1:$BZ$3001,57,$B$1)="","",IF(ISNUMBER(INDEX(貼り付け!$A$1:$BZ$3001,57,$B$1)),INT(INDEX(貼り付け!$A$1:$BZ$3001,57,$B$1)),DATE(VALUE(LEFT(I58,FIND("-",I58)-1)),VALUE(LEFT(J58,FIND("-",J58)-1)),VALUE(MID(J58,FIND("-",J58)+1,99)))))),"") | C58: =IF($C$1=0,0,IFERROR(VALUE(SUBSTITUTE(SUBSTITUTE(SUBSTITUTE(INDEX(貼り付け!$A$1:$BZ$3001,57,$C$1)&"",",",""),"¥",""),"￥","")),0)) | D58: =IF($D$1=0,0,IFERROR(VALUE(SUBSTITUTE(SUBSTITUTE(SUBSTITUTE(INDEX(貼り付け!$A$1:$BZ$3001,57,$D$1)&"",",",""),"¥",""),"￥","")),0)) | E58: =IF($E$1=0,0,IFERROR(VALUE(SUBSTITUTE(SUBSTITUTE(SUBSTITUTE(INDEX(貼り付け!$A$1:$BZ$3001,57,$E$1)&"",",",""),"¥",""),"￥","")),0)) | F58: =IF($F$1=0,0,IFERROR(VALUE(SUBSTITUTE(SUBSTITUTE(SUBSTITUTE(INDEX(貼り付け!$A$1:$BZ$3001,57,$F$1)&"",",",""),"¥",""),"￥","")),0)) | G58: =IF(ISNUMBER(B58),YEAR(B58),"") | H58: =IF(ISNUMBER(B58),MONTH(B58),"") | I58: =IFERROR(IF($B$1=0,"",IF(ISNUMBER(INDEX(貼り付け!$A$1:$BZ$3001,57,$B$1)),"",SUBSTITUTE(SUBSTITUTE(SUBSTITUTE(SUBSTITUTE(TRIM(LEFT(INDEX(貼り付け!$A$1:$BZ$3001,57,$B$1)&"",FIND(" ",TRIM(INDEX(貼り付け!$A$1:$BZ$3001,57,$B$1)&"")&" ")-1)),"/","-"),"年","-"),"月","-"),"日",""))),"") | J58: =IFERROR(MID(I58,FIND("-",I58)+1,99),"")
B59: =IFERROR(IF($B$1=0,"",IF(INDEX(貼り付け!$A$1:$BZ$3001,58,$B$1)="","",IF(ISNUMBER(INDEX(貼り付け!$A$1:$BZ$3001,58,$B$1)),INT(INDEX(貼り付け!$A$1:$BZ$3001,58,$B$1)),DATE(VALUE(LEFT(I59,FIND("-",I59)-1)),VALUE(LEFT(J59,FIND("-",J59)-1)),VALUE(MID(J59,FIND("-",J59)+1,99)))))),"") | C59: =IF($C$1=0,0,IFERROR(VALUE(SUBSTITUTE(SUBSTITUTE(SUBSTITUTE(INDEX(貼り付け!$A$1:$BZ$3001,58,$C$1)&"",",",""),"¥",""),"￥","")),0)) | D59: =IF($D$1=0,0,IFERROR(VALUE(SUBSTITUTE(SUBSTITUTE(SUBSTITUTE(INDEX(貼り付け!$A$1:$BZ$3001,58,$D$1)&"",",",""),"¥",""),"￥","")),0)) | E59: =IF($E$1=0,0,IFERROR(VALUE(SUBSTITUTE(SUBSTITUTE(SUBSTITUTE(INDEX(貼り付け!$A$1:$BZ$3001,58,$E$1)&"",",",""),"¥",""),"￥","")),0)) | F59: =IF($F$1=0,0,IFERROR(VALUE(SUBSTITUTE(SUBSTITUTE(SUBSTITUTE(INDEX(貼り付け!$A$1:$BZ$3001,58,$F$1)&"",",",""),"¥",""),"￥","")),0)) | G59: =IF(ISNUMBER(B59),YEAR(B59),"") | H59: =IF(ISNUMBER(B59),MONTH(B59),"") | I59: =IFERROR(IF($B$1=0,"",IF(ISNUMBER(INDEX(貼り付け!$A$1:$BZ$3001,58,$B$1)),"",SUBSTITUTE(SUBSTITUTE(SUBSTITUTE(SUBSTITUTE(TRIM(LEFT(INDEX(貼り付け!$A$1:$BZ$3001,58,$B$1)&"",FIND(" ",TRIM(INDEX(貼り付け!$A$1:$BZ$3001,58,$B$1)&"")&" ")-1)),"/","-"),"年","-"),"月","-"),"日",""))),"") | J59: =IFERROR(MID(I59,FIND("-",I59)+1,99),"")
B60: =IFERROR(IF($B$1=0,"",IF(INDEX(貼り付け!$A$1:$BZ$3001,59,$B$1)="","",IF(ISNUMBER(INDEX(貼り付け!$A$1:$BZ$3001,59,$B$1)),INT(INDEX(貼り付け!$A$1:$BZ$3001,59,$B$1)),DATE(VALUE(LEFT(I60,FIND("-",I60)-1)),VALUE(LEFT(J60,FIND("-",J60)-1)),VALUE(MID(J60,FIND("-",J60)+1,99)))))),"") | C60: =IF($C$1=0,0,IFERROR(VALUE(SUBSTITUTE(SUBSTITUTE(SUBSTITUTE(INDEX(貼り付け!$A$1:$BZ$3001,59,$C$1)&"",",",""),"¥",""),"￥","")),0)) | D60: =IF($D$1=0,0,IFERROR(VALUE(SUBSTITUTE(SUBSTITUTE(SUBSTITUTE(INDEX(貼り付け!$A$1:$BZ$3001,59,$D$1)&"",",",""),"¥",""),"￥","")),0)) | E60: =IF($E$1=0,0,IFERROR(VALUE(SUBSTITUTE(SUBSTITUTE(SUBSTITUTE(INDEX(貼り付け!$A$1:$BZ$3001,59,$E$1)&"",",",""),"¥",""),"￥","")),0)) | F60: =IF($F$1=0,0,IFERROR(VALUE(SUBSTITUTE(SUBSTITUTE(SUBSTITUTE(INDEX(貼り付け!$A$1:$BZ$3001,59,$F$1)&"",",",""),"¥",""),"￥","")),0)) | G60: =IF(ISNUMBER(B60),YEAR(B60),"") | H60: =IF(ISNUMBER(B60),MONTH(B60),"") | I60: =IFERROR(IF($B$1=0,"",IF(ISNUMBER(INDEX(貼り付け!$A$1:$BZ$3001,59,$B$1)),"",SUBSTITUTE(SUBSTITUTE(SUBSTITUTE(SUBSTITUTE(TRIM(LEFT(INDEX(貼り付け!$A$1:$BZ$3001,59,$B$1)&"",FIND(" ",TRIM(INDEX(貼り付け!$A$1:$BZ$3001,59,$B$1)&"")&" ")-1)),"/","-"),"年","-"),"月","-"),"日",""))),"") | J60: =IFERROR(MID(I60,FIND("-",I60)+1,99),"")
B61: =IFERROR(IF($B$1=0,"",IF(INDEX(貼り付け!$A$1:$BZ$3001,60,$B$1)="","",IF(ISNUMBER(INDEX(貼り付け!$A$1:$BZ$3001,60,$B$1)),INT(INDEX(貼り付け!$A$1:$BZ$3001,60,$B$1)),DATE(VALUE(LEFT(I61,FIND("-",I61)-1)),VALUE(LEFT(J61,FIND("-",J61)-1)),VALUE(MID(J61,FIND("-",J61)+1,99)))))),"") | C61: =IF($C$1=0,0,IFERROR(VALUE(SUBSTITUTE(SUBSTITUTE(SUBSTITUTE(INDEX(貼り付け!$A$1:$BZ$3001,60,$C$1)&"",",",""),"¥",""),"￥","")),0)) | D61: =IF($D$1=0,0,IFERROR(VALUE(SUBSTITUTE(SUBSTITUTE(SUBSTITUTE(INDEX(貼り付け!$A$1:$BZ$3001,60,$D$1)&"",",",""),"¥",""),"￥","")),0)) | E61: =IF($E$1=0,0,IFERROR(VALUE(SUBSTITUTE(SUBSTITUTE(SUBSTITUTE(INDEX(貼り付け!$A$1:$BZ$3001,60,$E$1)&"",",",""),"¥",""),"￥","")),0)) | F61: =IF($F$1=0,0,IFERROR(VALUE(SUBSTITUTE(SUBSTITUTE(SUBSTITUTE(INDEX(貼り付け!$A$1:$BZ$3001,60,$F$1)&"",",",""),"¥",""),"￥","")),0)) | G61: =IF(ISNUMBER(B61),YEAR(B61),"") | H61: =IF(ISNUMBER(B61),MONTH(B61),"") | I61: =IFERROR(IF($B$1=0,"",IF(ISNUMBER(INDEX(貼り付け!$A$1:$BZ$3001,60,$B$1)),"",SUBSTITUTE(SUBSTITUTE(SUBSTITUTE(SUBSTITUTE(TRIM(LEFT(INDEX(貼り付け!$A$1:$BZ$3001,60,$B$1)&"",FIND(" ",TRIM(INDEX(貼り付け!$A$1:$BZ$3001,60,$B$1)&"")&" ")-1)),"/","-"),"年","-"),"月","-"),"日",""))),"") | J61: =IFERROR(MID(I61,FIND("-",I61)+1,99),"")
B62: =IFERROR(IF($B$1=0,"",IF(INDEX(貼り付け!$A$1:$BZ$3001,61,$B$1)="","",IF(ISNUMBER(INDEX(貼り付け!$A$1:$BZ$3001,61,$B$1)),INT(INDEX(貼り付け!$A$1:$BZ$3001,61,$B$1)),DATE(VALUE(LEFT(I62,FIND("-",I62)-1)),VALUE(LEFT(J62,FIND("-",J62)-1)),VALUE(MID(J62,FIND("-",J62)+1,99)))))),"") | C62: =IF($C$1=0,0,IFERROR(VALUE(SUBSTITUTE(SUBSTITUTE(SUBSTITUTE(INDEX(貼り付け!$A$1:$BZ$3001,61,$C$1)&"",",",""),"¥",""),"￥","")),0)) | D62: =IF($D$1=0,0,IFERROR(VALUE(SUBSTITUTE(SUBSTITUTE(SUBSTITUTE(INDEX(貼り付け!$A$1:$BZ$3001,61,$D$1)&"",",",""),"¥",""),"￥","")),0)) | E62: =IF($E$1=0,0,IFERROR(VALUE(SUBSTITUTE(SUBSTITUTE(SUBSTITUTE(INDEX(貼り付け!$A$1:$BZ$3001,61,$E$1)&"",",",""),"¥",""),"￥","")),0)) | F62: =IF($F$1=0,0,IFERROR(VALUE(SUBSTITUTE(SUBSTITUTE(SUBSTITUTE(INDEX(貼り付け!$A$1:$BZ$3001,61,$F$1)&"",",",""),"¥",""),"￥","")),0)) | G62: =IF(ISNUMBER(B62),YEAR(B62),"") | H62: =IF(ISNUMBER(B62),MONTH(B62),"") | I62: =IFERROR(IF($B$1=0,"",IF(ISNUMBER(INDEX(貼り付け!$A$1:$BZ$3001,61,$B$1)),"",SUBSTITUTE(SUBSTITUTE(SUBSTITUTE(SUBSTITUTE(TRIM(LEFT(INDEX(貼り付け!$A$1:$BZ$3001,61,$B$1)&"",FIND(" ",TRIM(INDEX(貼り付け!$A$1:$BZ$3001,61,$B$1)&"")&" ")-1)),"/","-"),"年","-"),"月","-"),"日",""))),"") | J62: =IFERROR(MID(I62,FIND("-",I62)+1,99),"")
B63: =IFERROR(IF($B$1=0,"",IF(INDEX(貼り付け!$A$1:$BZ$3001,62,$B$1)="","",IF(ISNUMBER(INDEX(貼り付け!$A$1:$BZ$3001,62,$B$1)),INT(INDEX(貼り付け!$A$1:$BZ$3001,62,$B$1)),DATE(VALUE(LEFT(I63,FIND("-",I63)-1)),VALUE(LEFT(J63,FIND("-",J63)-1)),VALUE(MID(J63,FIND("-",J63)+1,99)))))),"") | C63: =IF($C$1=0,0,IFERROR(VALUE(SUBSTITUTE(SUBSTITUTE(SUBSTITUTE(INDEX(貼り付け!$A$1:$BZ$3001,62,$C$1)&"",",",""),"¥",""),"￥","")),0)) | D63: =IF($D$1=0,0,IFERROR(VALUE(SUBSTITUTE(SUBSTITUTE(SUBSTITUTE(INDEX(貼り付け!$A$1:$BZ$3001,62,$D$1)&"",",",""),"¥",""),"￥","")),0)) | E63: =IF($E$1=0,0,IFERROR(VALUE(SUBSTITUTE(SUBSTITUTE(SUBSTITUTE(INDEX(貼り付け!$A$1:$BZ$3001,62,$E$1)&"",",",""),"¥",""),"￥","")),0)) | F63: =IF($F$1=0,0,IFERROR(VALUE(SUBSTITUTE(SUBSTITUTE(SUBSTITUTE(INDEX(貼り付け!$A$1:$BZ$3001,62,$F$1)&"",",",""),"¥",""),"￥","")),0)) | G63: =IF(ISNUMBER(B63),YEAR(B63),"") | H63: =IF(ISNUMBER(B63),MONTH(B63),"") | I63: =IFERROR(IF($B$1=0,"",IF(ISNUMBER(INDEX(貼り付け!$A$1:$BZ$3001,62,$B$1)),"",SUBSTITUTE(SUBSTITUTE(SUBSTITUTE(SUBSTITUTE(TRIM(LEFT(INDEX(貼り付け!$A$1:$BZ$3001,62,$B$1)&"",FIND(" ",TRIM(INDEX(貼り付け!$A$1:$BZ$3001,62,$B$1)&"")&" ")-1)),"/","-"),"年","-"),"月","-"),"日",""))),"") | J63: =IFERROR(MID(I63,FIND("-",I63)+1,99),"")
B64: =IFERROR(IF($B$1=0,"",IF(INDEX(貼り付け!$A$1:$BZ$3001,63,$B$1)="","",IF(ISNUMBER(INDEX(貼り付け!$A$1:$BZ$3001,63,$B$1)),INT(INDEX(貼り付け!$A$1:$BZ$3001,63,$B$1)),DATE(VALUE(LEFT(I64,FIND("-",I64)-1)),VALUE(LEFT(J64,FIND("-",J64)-1)),VALUE(MID(J64,FIND("-",J64)+1,99)))))),"") | C64: =IF($C$1=0,0,IFERROR(VALUE(SUBSTITUTE(SUBSTITUTE(SUBSTITUTE(INDEX(貼り付け!$A$1:$BZ$3001,63,$C$1)&"",",",""),"¥",""),"￥","")),0)) | D64: =IF($D$1=0,0,IFERROR(VALUE(SUBSTITUTE(SUBSTITUTE(SUBSTITUTE(INDEX(貼り付け!$A$1:$BZ$3001,63,$D$1)&"",",",""),"¥",""),"￥","")),0)) | E64: =IF($E$1=0,0,IFERROR(VALUE(SUBSTITUTE(SUBSTITUTE(SUBSTITUTE(INDEX(貼り付け!$A$1:$BZ$3001,63,$E$1)&"",",",""),"¥",""),"￥","")),0)) | F64: =IF($F$1=0,0,IFERROR(VALUE(SUBSTITUTE(SUBSTITUTE(SUBSTITUTE(INDEX(貼り付け!$A$1:$BZ$3001,63,$F$1)&"",",",""),"¥",""),"￥","")),0)) | G64: =IF(ISNUMBER(B64),YEAR(B64),"") | H64: =IF(ISNUMBER(B64),MONTH(B64),"") | I64: =IFERROR(IF($B$1=0,"",IF(ISNUMBER(INDEX(貼り付け!$A$1:$BZ$3001,63,$B$1)),"",SUBSTITUTE(SUBSTITUTE(SUBSTITUTE(SUBSTITUTE(TRIM(LEFT(INDEX(貼り付け!$A$1:$BZ$3001,63,$B$1)&"",FIND(" ",TRIM(INDEX(貼り付け!$A$1:$BZ$3001,63,$B$1)&"")&" ")-1)),"/","-"),"年","-"),"月","-"),"日",""))),"") | J64: =IFERROR(MID(I64,FIND("-",I64)+1,99),"")
B65: =IFERROR(IF($B$1=0,"",IF(INDEX(貼り付け!$A$1:$BZ$3001,64,$B$1)="","",IF(ISNUMBER(INDEX(貼り付け!$A$1:$BZ$3001,64,$B$1)),INT(INDEX(貼り付け!$A$1:$BZ$3001,64,$B$1)),DATE(VALUE(LEFT(I65,FIND("-",I65)-1)),VALUE(LEFT(J65,FIND("-",J65)-1)),VALUE(MID(J65,FIND("-",J65)+1,99)))))),"") | C65: =IF($C$1=0,0,IFERROR(VALUE(SUBSTITUTE(SUBSTITUTE(SUBSTITUTE(INDEX(貼り付け!$A$1:$BZ$3001,64,$C$1)&"",",",""),"¥",""),"￥","")),0)) | D65: =IF($D$1=0,0,IFERROR(VALUE(SUBSTITUTE(SUBSTITUTE(SUBSTITUTE(INDEX(貼り付け!$A$1:$BZ$3001,64,$D$1)&"",",",""),"¥",""),"￥","")),0)) | E65: =IF($E$1=0,0,IFERROR(VALUE(SUBSTITUTE(SUBSTITUTE(SUBSTITUTE(INDEX(貼り付け!$A$1:$BZ$3001,64,$E$1)&"",",",""),"¥",""),"￥","")),0)) | F65: =IF($F$1=0,0,IFERROR(VALUE(SUBSTITUTE(SUBSTITUTE(SUBSTITUTE(INDEX(貼り付け!$A$1:$BZ$3001,64,$F$1)&"",",",""),"¥",""),"￥","")),0)) | G65: =IF(ISNUMBER(B65),YEAR(B65),"") | H65: =IF(ISNUMBER(B65),MONTH(B65),"") | I65: =IFERROR(IF($B$1=0,"",IF(ISNUMBER(INDEX(貼り付け!$A$1:$BZ$3001,64,$B$1)),"",SUBSTITUTE(SUBSTITUTE(SUBSTITUTE(SUBSTITUTE(TRIM(LEFT(INDEX(貼り付け!$A$1:$BZ$3001,64,$B$1)&"",FIND(" ",TRIM(INDEX(貼り付け!$A$1:$BZ$3001,64,$B$1)&"")&" ")-1)),"/","-"),"年","-"),"月","-"),"日",""))),"") | J65: =IFERROR(MID(I65,FIND("-",I65)+1,99),"")
B66: =IFERROR(IF($B$1=0,"",IF(INDEX(貼り付け!$A$1:$BZ$3001,65,$B$1)="","",IF(ISNUMBER(INDEX(貼り付け!$A$1:$BZ$3001,65,$B$1)),INT(INDEX(貼り付け!$A$1:$BZ$3001,65,$B$1)),DATE(VALUE(LEFT(I66,FIND("-",I66)-1)),VALUE(LEFT(J66,FIND("-",J66)-1)),VALUE(MID(J66,FIND("-",J66)+1,99)))))),"") | C66: =IF($C$1=0,0,IFERROR(VALUE(SUBSTITUTE(SUBSTITUTE(SUBSTITUTE(INDEX(貼り付け!$A$1:$BZ$3001,65,$C$1)&"",",",""),"¥",""),"￥","")),0)) | D66: =IF($D$1=0,0,IFERROR(VALUE(SUBSTITUTE(SUBSTITUTE(SUBSTITUTE(INDEX(貼り付け!$A$1:$BZ$3001,65,$D$1)&"",",",""),"¥",""),"￥","")),0)) | E66: =IF($E$1=0,0,IFERROR(VALUE(SUBSTITUTE(SUBSTITUTE(SUBSTITUTE(INDEX(貼り付け!$A$1:$BZ$3001,65,$E$1)&"",",",""),"¥",""),"￥","")),0)) | F66: =IF($F$1=0,0,IFERROR(VALUE(SUBSTITUTE(SUBSTITUTE(SUBSTITUTE(INDEX(貼り付け!$A$1:$BZ$3001,65,$F$1)&"",",",""),"¥",""),"￥","")),0)) | G66: =IF(ISNUMBER(B66),YEAR(B66),"") | H66: =IF(ISNUMBER(B66),MONTH(B66),"") | I66: =IFERROR(IF($B$1=0,"",IF(ISNUMBER(INDEX(貼り付け!$A$1:$BZ$3001,65,$B$1)),"",SUBSTITUTE(SUBSTITUTE(SUBSTITUTE(SUBSTITUTE(TRIM(LEFT(INDEX(貼り付け!$A$1:$BZ$3001,65,$B$1)&"",FIND(" ",TRIM(INDEX(貼り付け!$A$1:$BZ$3001,65,$B$1)&"")&" ")-1)),"/","-"),"年","-"),"月","-"),"日",""))),"") | J66: =IFERROR(MID(I66,FIND("-",I66)+1,99),"")
B67: =IFERROR(IF($B$1=0,"",IF(INDEX(貼り付け!$A$1:$BZ$3001,66,$B$1)="","",IF(ISNUMBER(INDEX(貼り付け!$A$1:$BZ$3001,66,$B$1)),INT(INDEX(貼り付け!$A$1:$BZ$3001,66,$B$1)),DATE(VALUE(LEFT(I67,FIND("-",I67)-1)),VALUE(LEFT(J67,FIND("-",J67)-1)),VALUE(MID(J67,FIND("-",J67)+1,99)))))),"") | C67: =IF($C$1=0,0,IFERROR(VALUE(SUBSTITUTE(SUBSTITUTE(SUBSTITUTE(INDEX(貼り付け!$A$1:$BZ$3001,66,$C$1)&"",",",""),"¥",""),"￥","")),0)) | D67: =IF($D$1=0,0,IFERROR(VALUE(SUBSTITUTE(SUBSTITUTE(SUBSTITUTE(INDEX(貼り付け!$A$1:$BZ$3001,66,$D$1)&"",",",""),"¥",""),"￥","")),0)) | E67: =IF($E$1=0,0,IFERROR(VALUE(SUBSTITUTE(SUBSTITUTE(SUBSTITUTE(INDEX(貼り付け!$A$1:$BZ$3001,66,$E$1)&"",",",""),"¥",""),"￥","")),0)) | F67: =IF($F$1=0,0,IFERROR(VALUE(SUBSTITUTE(SUBSTITUTE(SUBSTITUTE(INDEX(貼り付け!$A$1:$BZ$3001,66,$F$1)&"",",",""),"¥",""),"￥","")),0)) | G67: =IF(ISNUMBER(B67),YEAR(B67),"") | H67: =IF(ISNUMBER(B67),MONTH(B67),"") | I67: =IFERROR(IF($B$1=0,"",IF(ISNUMBER(INDEX(貼り付け!$A$1:$BZ$3001,66,$B$1)),"",SUBSTITUTE(SUBSTITUTE(SUBSTITUTE(SUBSTITUTE(TRIM(LEFT(INDEX(貼り付け!$A$1:$BZ$3001,66,$B$1)&"",FIND(" ",TRIM(INDEX(貼り付け!$A$1:$BZ$3001,66,$B$1)&"")&" ")-1)),"/","-"),"年","-"),"月","-"),"日",""))),"") | J67: =IFERROR(MID(I67,FIND("-",I67)+1,99),"")
B68: =IFERROR(IF($B$1=0,"",IF(INDEX(貼り付け!$A$1:$BZ$3001,67,$B$1)="","",IF(ISNUMBER(INDEX(貼り付け!$A$1:$BZ$3001,67,$B$1)),INT(INDEX(貼り付け!$A$1:$BZ$3001,67,$B$1)),DATE(VALUE(LEFT(I68,FIND("-",I68)-1)),VALUE(LEFT(J68,FIND("-",J68)-1)),VALUE(MID(J68,FIND("-",J68)+1,99)))))),"") | C68: =IF($C$1=0,0,IFERROR(VALUE(SUBSTITUTE(SUBSTITUTE(SUBSTITUTE(INDEX(貼り付け!$A$1:$BZ$3001,67,$C$1)&"",",",""),"¥",""),"￥","")),0)) | D68: =IF($D$1=0,0,IFERROR(VALUE(SUBSTITUTE(SUBSTITUTE(SUBSTITUTE(INDEX(貼り付け!$A$1:$BZ$3001,67,$D$1)&"",",",""),"¥",""),"￥","")),0)) | E68: =IF($E$1=0,0,IFERROR(VALUE(SUBSTITUTE(SUBSTITUTE(SUBSTITUTE(INDEX(貼り付け!$A$1:$BZ$3001,67,$E$1)&"",",",""),"¥",""),"￥","")),0)) | F68: =IF($F$1=0,0,IFERROR(VALUE(SUBSTITUTE(SUBSTITUTE(SUBSTITUTE(INDEX(貼り付け!$A$1:$BZ$3001,67,$F$1)&"",",",""),"¥",""),"￥","")),0)) | G68: =IF(ISNUMBER(B68),YEAR(B68),"") | H68: =IF(ISNUMBER(B68),MONTH(B68),"") | I68: =IFERROR(IF($B$1=0,"",IF(ISNUMBER(INDEX(貼り付け!$A$1:$BZ$3001,67,$B$1)),"",SUBSTITUTE(SUBSTITUTE(SUBSTITUTE(SUBSTITUTE(TRIM(LEFT(INDEX(貼り付け!$A$1:$BZ$3001,67,$B$1)&"",FIND(" ",TRIM(INDEX(貼り付け!$A$1:$BZ$3001,67,$B$1)&"")&" ")-1)),"/","-"),"年","-"),"月","-"),"日",""))),"") | J68: =IFERROR(MID(I68,FIND("-",I68)+1,99),"")
B69: =IFERROR(IF($B$1=0,"",IF(INDEX(貼り付け!$A$1:$BZ$3001,68,$B$1)="","",IF(ISNUMBER(INDEX(貼り付け!$A$1:$BZ$3001,68,$B$1)),INT(INDEX(貼り付け!$A$1:$BZ$3001,68,$B$1)),DATE(VALUE(LEFT(I69,FIND("-",I69)-1)),VALUE(LEFT(J69,FIND("-",J69)-1)),VALUE(MID(J69,FIND("-",J69)+1,99)))))),"") | C69: =IF($C$1=0,0,IFERROR(VALUE(SUBSTITUTE(SUBSTITUTE(SUBSTITUTE(INDEX(貼り付け!$A$1:$BZ$3001,68,$C$1)&"",",",""),"¥",""),"￥","")),0)) | D69: =IF($D$1=0,0,IFERROR(VALUE(SUBSTITUTE(SUBSTITUTE(SUBSTITUTE(INDEX(貼り付け!$A$1:$BZ$3001,68,$D$1)&"",",",""),"¥",""),"￥","")),0)) | E69: =IF($E$1=0,0,IFERROR(VALUE(SUBSTITUTE(SUBSTITUTE(SUBSTITUTE(INDEX(貼り付け!$A$1:$BZ$3001,68,$E$1)&"",",",""),"¥",""),"￥","")),0)) | F69: =IF($F$1=0,0,IFERROR(VALUE(SUBSTITUTE(SUBSTITUTE(SUBSTITUTE(INDEX(貼り付け!$A$1:$BZ$3001,68,$F$1)&"",",",""),"¥",""),"￥","")),0)) | G69: =IF(ISNUMBER(B69),YEAR(B69),"") | H69: =IF(ISNUMBER(B69),MONTH(B69),"") | I69: =IFERROR(IF($B$1=0,"",IF(ISNUMBER(INDEX(貼り付け!$A$1:$BZ$3001,68,$B$1)),"",SUBSTITUTE(SUBSTITUTE(SUBSTITUTE(SUBSTITUTE(TRIM(LEFT(INDEX(貼り付け!$A$1:$BZ$3001,68,$B$1)&"",FIND(" ",TRIM(INDEX(貼り付け!$A$1:$BZ$3001,68,$B$1)&"")&" ")-1)),"/","-"),"年","-"),"月","-"),"日",""))),"") | J69: =IFERROR(MID(I69,FIND("-",I69)+1,99),"")
B70: =IFERROR(IF($B$1=0,"",IF(INDEX(貼り付け!$A$1:$BZ$3001,69,$B$1)="","",IF(ISNUMBER(INDEX(貼り付け!$A$1:$BZ$3001,69,$B$1)),INT(INDEX(貼り付け!$A$1:$BZ$3001,69,$B$1)),DATE(VALUE(LEFT(I70,FIND("-",I70)-1)),VALUE(LEFT(J70,FIND("-",J70)-1)),VALUE(MID(J70,FIND("-",J70)+1,99)))))),"") | C70: =IF($C$1=0,0,IFERROR(VALUE(SUBSTITUTE(SUBSTITUTE(SUBSTITUTE(INDEX(貼り付け!$A$1:$BZ$3001,69,$C$1)&"",",",""),"¥",""),"￥","")),0)) | D70: =IF($D$1=0,0,IFERROR(VALUE(SUBSTITUTE(SUBSTITUTE(SUBSTITUTE(INDEX(貼り付け!$A$1:$BZ$3001,69,$D$1)&"",",",""),"¥",""),"￥","")),0)) | E70: =IF($E$1=0,0,IFERROR(VALUE(SUBSTITUTE(SUBSTITUTE(SUBSTITUTE(INDEX(貼り付け!$A$1:$BZ$3001,69,$E$1)&"",",",""),"¥",""),"￥","")),0)) | F70: =IF($F$1=0,0,IFERROR(VALUE(SUBSTITUTE(SUBSTITUTE(SUBSTITUTE(INDEX(貼り付け!$A$1:$BZ$3001,69,$F$1)&"",",",""),"¥",""),"￥","")),0)) | G70: =IF(ISNUMBER(B70),YEAR(B70),"") | H70: =IF(ISNUMBER(B70),MONTH(B70),"") | I70: =IFERROR(IF($B$1=0,"",IF(ISNUMBER(INDEX(貼り付け!$A$1:$BZ$3001,69,$B$1)),"",SUBSTITUTE(SUBSTITUTE(SUBSTITUTE(SUBSTITUTE(TRIM(LEFT(INDEX(貼り付け!$A$1:$BZ$3001,69,$B$1)&"",FIND(" ",TRIM(INDEX(貼り付け!$A$1:$BZ$3001,69,$B$1)&"")&" ")-1)),"/","-"),"年","-"),"月","-"),"日",""))),"") | J70: =IFERROR(MID(I70,FIND("-",I70)+1,99),"")
B71: =IFERROR(IF($B$1=0,"",IF(INDEX(貼り付け!$A$1:$BZ$3001,70,$B$1)="","",IF(ISNUMBER(INDEX(貼り付け!$A$1:$BZ$3001,70,$B$1)),INT(INDEX(貼り付け!$A$1:$BZ$3001,70,$B$1)),DATE(VALUE(LEFT(I71,FIND("-",I71)-1)),VALUE(LEFT(J71,FIND("-",J71)-1)),VALUE(MID(J71,FIND("-",J71)+1,99)))))),"") | C71: =IF($C$1=0,0,IFERROR(VALUE(SUBSTITUTE(SUBSTITUTE(SUBSTITUTE(INDEX(貼り付け!$A$1:$BZ$3001,70,$C$1)&"",",",""),"¥",""),"￥","")),0)) | D71: =IF($D$1=0,0,IFERROR(VALUE(SUBSTITUTE(SUBSTITUTE(SUBSTITUTE(INDEX(貼り付け!$A$1:$BZ$3001,70,$D$1)&"",",",""),"¥",""),"￥","")),0)) | E71: =IF($E$1=0,0,IFERROR(VALUE(SUBSTITUTE(SUBSTITUTE(SUBSTITUTE(INDEX(貼り付け!$A$1:$BZ$3001,70,$E$1)&"",",",""),"¥",""),"￥","")),0)) | F71: =IF($F$1=0,0,IFERROR(VALUE(SUBSTITUTE(SUBSTITUTE(SUBSTITUTE(INDEX(貼り付け!$A$1:$BZ$3001,70,$F$1)&"",",",""),"¥",""),"￥","")),0)) | G71: =IF(ISNUMBER(B71),YEAR(B71),"") | H71: =IF(ISNUMBER(B71),MONTH(B71),"") | I71: =IFERROR(IF($B$1=0,"",IF(ISNUMBER(INDEX(貼り付け!$A$1:$BZ$3001,70,$B$1)),"",SUBSTITUTE(SUBSTITUTE(SUBSTITUTE(SUBSTITUTE(TRIM(LEFT(INDEX(貼り付け!$A$1:$BZ$3001,70,$B$1)&"",FIND(" ",TRIM(INDEX(貼り付け!$A$1:$BZ$3001,70,$B$1)&"")&" ")-1)),"/","-"),"年","-"),"月","-"),"日",""))),"") | J71: =IFERROR(MID(I71,FIND("-",I71)+1,99),"")
B72: =IFERROR(IF($B$1=0,"",IF(INDEX(貼り付け!$A$1:$BZ$3001,71,$B$1)="","",IF(ISNUMBER(INDEX(貼り付け!$A$1:$BZ$3001,71,$B$1)),INT(INDEX(貼り付け!$A$1:$BZ$3001,71,$B$1)),DATE(VALUE(LEFT(I72,FIND("-",I72)-1)),VALUE(LEFT(J72,FIND("-",J72)-1)),VALUE(MID(J72,FIND("-",J72)+1,99)))))),"") | C72: =IF($C$1=0,0,IFERROR(VALUE(SUBSTITUTE(SUBSTITUTE(SUBSTITUTE(INDEX(貼り付け!$A$1:$BZ$3001,71,$C$1)&"",",",""),"¥",""),"￥","")),0)) | D72: =IF($D$1=0,0,IFERROR(VALUE(SUBSTITUTE(SUBSTITUTE(SUBSTITUTE(INDEX(貼り付け!$A$1:$BZ$3001,71,$D$1)&"",",",""),"¥",""),"￥","")),0)) | E72: =IF($E$1=0,0,IFERROR(VALUE(SUBSTITUTE(SUBSTITUTE(SUBSTITUTE(INDEX(貼り付け!$A$1:$BZ$3001,71,$E$1)&"",",",""),"¥",""),"￥","")),0)) | F72: =IF($F$1=0,0,IFERROR(VALUE(SUBSTITUTE(SUBSTITUTE(SUBSTITUTE(INDEX(貼り付け!$A$1:$BZ$3001,71,$F$1)&"",",",""),"¥",""),"￥","")),0)) | G72: =IF(ISNUMBER(B72),YEAR(B72),"") | H72: =IF(ISNUMBER(B72),MONTH(B72),"") | I72: =IFERROR(IF($B$1=0,"",IF(ISNUMBER(INDEX(貼り付け!$A$1:$BZ$3001,71,$B$1)),"",SUBSTITUTE(SUBSTITUTE(SUBSTITUTE(SUBSTITUTE(TRIM(LEFT(INDEX(貼り付け!$A$1:$BZ$3001,71,$B$1)&"",FIND(" ",TRIM(INDEX(貼り付け!$A$1:$BZ$3001,71,$B$1)&"")&" ")-1)),"/","-"),"年","-"),"月","-"),"日",""))),"") | J72: =IFERROR(MID(I72,FIND("-",I72)+1,99),"")
B73: =IFERROR(IF($B$1=0,"",IF(INDEX(貼り付け!$A$1:$BZ$3001,72,$B$1)="","",IF(ISNUMBER(INDEX(貼り付け!$A$1:$BZ$3001,72,$B$1)),INT(INDEX(貼り付け!$A$1:$BZ$3001,72,$B$1)),DATE(VALUE(LEFT(I73,FIND("-",I73)-1)),VALUE(LEFT(J73,FIND("-",J73)-1)),VALUE(MID(J73,FIND("-",J73)+1,99)))))),"") | C73: =IF($C$1=0,0,IFERROR(VALUE(SUBSTITUTE(SUBSTITUTE(SUBSTITUTE(INDEX(貼り付け!$A$1:$BZ$3001,72,$C$1)&"",",",""),"¥",""),"￥","")),0)) | D73: =IF($D$1=0,0,IFERROR(VALUE(SUBSTITUTE(SUBSTITUTE(SUBSTITUTE(INDEX(貼り付け!$A$1:$BZ$3001,72,$D$1)&"",",",""),"¥",""),"￥","")),0)) | E73: =IF($E$1=0,0,IFERROR(VALUE(SUBSTITUTE(SUBSTITUTE(SUBSTITUTE(INDEX(貼り付け!$A$1:$BZ$3001,72,$E$1)&"",",",""),"¥",""),"￥","")),0)) | F73: =IF($F$1=0,0,IFERROR(VALUE(SUBSTITUTE(SUBSTITUTE(SUBSTITUTE(INDEX(貼り付け!$A$1:$BZ$3001,72,$F$1)&"",",",""),"¥",""),"￥","")),0)) | G73: =IF(ISNUMBER(B73),YEAR(B73),"") | H73: =IF(ISNUMBER(B73),MONTH(B73),"") | I73: =IFERROR(IF($B$1=0,"",IF(ISNUMBER(INDEX(貼り付け!$A$1:$BZ$3001,72,$B$1)),"",SUBSTITUTE(SUBSTITUTE(SUBSTITUTE(SUBSTITUTE(TRIM(LEFT(INDEX(貼り付け!$A$1:$BZ$3001,72,$B$1)&"",FIND(" ",TRIM(INDEX(貼り付け!$A$1:$BZ$3001,72,$B$1)&"")&" ")-1)),"/","-"),"年","-"),"月","-"),"日",""))),"") | J73: =IFERROR(MID(I73,FIND("-",I73)+1,99),"")
B74: =IFERROR(IF($B$1=0,"",IF(INDEX(貼り付け!$A$1:$BZ$3001,73,$B$1)="","",IF(ISNUMBER(INDEX(貼り付け!$A$1:$BZ$3001,73,$B$1)),INT(INDEX(貼り付け!$A$1:$BZ$3001,73,$B$1)),DATE(VALUE(LEFT(I74,FIND("-",I74)-1)),VALUE(LEFT(J74,FIND("-",J74)-1)),VALUE(MID(J74,FIND("-",J74)+1,99)))))),"") | C74: =IF($C$1=0,0,IFERROR(VALUE(SUBSTITUTE(SUBSTITUTE(SUBSTITUTE(INDEX(貼り付け!$A$1:$BZ$3001,73,$C$1)&"",",",""),"¥",""),"￥","")),0)) | D74: =IF($D$1=0,0,IFERROR(VALUE(SUBSTITUTE(SUBSTITUTE(SUBSTITUTE(INDEX(貼り付け!$A$1:$BZ$3001,73,$D$1)&"",",",""),"¥",""),"￥","")),0)) | E74: =IF($E$1=0,0,IFERROR(VALUE(SUBSTITUTE(SUBSTITUTE(SUBSTITUTE(INDEX(貼り付け!$A$1:$BZ$3001,73,$E$1)&"",",",""),"¥",""),"￥","")),0)) | F74: =IF($F$1=0,0,IFERROR(VALUE(SUBSTITUTE(SUBSTITUTE(SUBSTITUTE(INDEX(貼り付け!$A$1:$BZ$3001,73,$F$1)&"",",",""),"¥",""),"￥","")),0)) | G74: =IF(ISNUMBER(B74),YEAR(B74),"") | H74: =IF(ISNUMBER(B74),MONTH(B74),"") | I74: =IFERROR(IF($B$1=0,"",IF(ISNUMBER(INDEX(貼り付け!$A$1:$BZ$3001,73,$B$1)),"",SUBSTITUTE(SUBSTITUTE(SUBSTITUTE(SUBSTITUTE(TRIM(LEFT(INDEX(貼り付け!$A$1:$BZ$3001,73,$B$1)&"",FIND(" ",TRIM(INDEX(貼り付け!$A$1:$BZ$3001,73,$B$1)&"")&" ")-1)),"/","-"),"年","-"),"月","-"),"日",""))),"") | J74: =IFERROR(MID(I74,FIND("-",I74)+1,99),"")
B75: =IFERROR(IF($B$1=0,"",IF(INDEX(貼り付け!$A$1:$BZ$3001,74,$B$1)="","",IF(ISNUMBER(INDEX(貼り付け!$A$1:$BZ$3001,74,$B$1)),INT(INDEX(貼り付け!$A$1:$BZ$3001,74,$B$1)),DATE(VALUE(LEFT(I75,FIND("-",I75)-1)),VALUE(LEFT(J75,FIND("-",J75)-1)),VALUE(MID(J75,FIND("-",J75)+1,99)))))),"") | C75: =IF($C$1=0,0,IFERROR(VALUE(SUBSTITUTE(SUBSTITUTE(SUBSTITUTE(INDEX(貼り付け!$A$1:$BZ$3001,74,$C$1)&"",",",""),"¥",""),"￥","")),0)) | D75: =IF($D$1=0,0,IFERROR(VALUE(SUBSTITUTE(SUBSTITUTE(SUBSTITUTE(INDEX(貼り付け!$A$1:$BZ$3001,74,$D$1)&"",",",""),"¥",""),"￥","")),0)) | E75: =IF($E$1=0,0,IFERROR(VALUE(SUBSTITUTE(SUBSTITUTE(SUBSTITUTE(INDEX(貼り付け!$A$1:$BZ$3001,74,$E$1)&"",",",""),"¥",""),"￥","")),0)) | F75: =IF($F$1=0,0,IFERROR(VALUE(SUBSTITUTE(SUBSTITUTE(SUBSTITUTE(INDEX(貼り付け!$A$1:$BZ$3001,74,$F$1)&"",",",""),"¥",""),"￥","")),0)) | G75: =IF(ISNUMBER(B75),YEAR(B75),"") | H75: =IF(ISNUMBER(B75),MONTH(B75),"") | I75: =IFERROR(IF($B$1=0,"",IF(ISNUMBER(INDEX(貼り付け!$A$1:$BZ$3001,74,$B$1)),"",SUBSTITUTE(SUBSTITUTE(SUBSTITUTE(SUBSTITUTE(TRIM(LEFT(INDEX(貼り付け!$A$1:$BZ$3001,74,$B$1)&"",FIND(" ",TRIM(INDEX(貼り付け!$A$1:$BZ$3001,74,$B$1)&"")&" ")-1)),"/","-"),"年","-"),"月","-"),"日",""))),"") | J75: =IFERROR(MID(I75,FIND("-",I75)+1,99),"")
B76: =IFERROR(IF($B$1=0,"",IF(INDEX(貼り付け!$A$1:$BZ$3001,75,$B$1)="","",IF(ISNUMBER(INDEX(貼り付け!$A$1:$BZ$3001,75,$B$1)),INT(INDEX(貼り付け!$A$1:$BZ$3001,75,$B$1)),DATE(VALUE(LEFT(I76,FIND("-",I76)-1)),VALUE(LEFT(J76,FIND("-",J76)-1)),VALUE(MID(J76,FIND("-",J76)+1,99)))))),"") | C76: =IF($C$1=0,0,IFERROR(VALUE(SUBSTITUTE(SUBSTITUTE(SUBSTITUTE(INDEX(貼り付け!$A$1:$BZ$3001,75,$C$1)&"",",",""),"¥",""),"￥","")),0)) | D76: =IF($D$1=0,0,IFERROR(VALUE(SUBSTITUTE(SUBSTITUTE(SUBSTITUTE(INDEX(貼り付け!$A$1:$BZ$3001,75,$D$1)&"",",",""),"¥",""),"￥","")),0)) | E76: =IF($E$1=0,0,IFERROR(VALUE(SUBSTITUTE(SUBSTITUTE(SUBSTITUTE(INDEX(貼り付け!$A$1:$BZ$3001,75,$E$1)&"",",",""),"¥",""),"￥","")),0)) | F76: =IF($F$1=0,0,IFERROR(VALUE(SUBSTITUTE(SUBSTITUTE(SUBSTITUTE(INDEX(貼り付け!$A$1:$BZ$3001,75,$F$1)&"",",",""),"¥",""),"￥","")),0)) | G76: =IF(ISNUMBER(B76),YEAR(B76),"") | H76: =IF(ISNUMBER(B76),MONTH(B76),"") | I76: =IFERROR(IF($B$1=0,"",IF(ISNUMBER(INDEX(貼り付け!$A$1:$BZ$3001,75,$B$1)),"",SUBSTITUTE(SUBSTITUTE(SUBSTITUTE(SUBSTITUTE(TRIM(LEFT(INDEX(貼り付け!$A$1:$BZ$3001,75,$B$1)&"",FIND(" ",TRIM(INDEX(貼り付け!$A$1:$BZ$3001,75,$B$1)&"")&" ")-1)),"/","-"),"年","-"),"月","-"),"日",""))),"") | J76: =IFERROR(MID(I76,FIND("-",I76)+1,99),"")
B77: =IFERROR(IF($B$1=0,"",IF(INDEX(貼り付け!$A$1:$BZ$3001,76,$B$1)="","",IF(ISNUMBER(INDEX(貼り付け!$A$1:$BZ$3001,76,$B$1)),INT(INDEX(貼り付け!$A$1:$BZ$3001,76,$B$1)),DATE(VALUE(LEFT(I77,FIND("-",I77)-1)),VALUE(LEFT(J77,FIND("-",J77)-1)),VALUE(MID(J77,FIND("-",J77)+1,99)))))),"") | C77: =IF($C$1=0,0,IFERROR(VALUE(SUBSTITUTE(SUBSTITUTE(SUBSTITUTE(INDEX(貼り付け!$A$1:$BZ$3001,76,$C$1)&"",",",""),"¥",""),"￥","")),0)) | D77: =IF($D$1=0,0,IFERROR(VALUE(SUBSTITUTE(SUBSTITUTE(SUBSTITUTE(INDEX(貼り付け!$A$1:$BZ$3001,76,$D$1)&"",",",""),"¥",""),"￥","")),0)) | E77: =IF($E$1=0,0,IFERROR(VALUE(SUBSTITUTE(SUBSTITUTE(SUBSTITUTE(INDEX(貼り付け!$A$1:$BZ$3001,76,$E$1)&"",",",""),"¥",""),"￥","")),0)) | F77: =IF($F$1=0,0,IFERROR(VALUE(SUBSTITUTE(SUBSTITUTE(SUBSTITUTE(INDEX(貼り付け!$A$1:$BZ$3001,76,$F$1)&"",",",""),"¥",""),"￥","")),0)) | G77: =IF(ISNUMBER(B77),YEAR(B77),"") | H77: =IF(ISNUMBER(B77),MONTH(B77),"") | I77: =IFERROR(IF($B$1=0,"",IF(ISNUMBER(INDEX(貼り付け!$A$1:$BZ$3001,76,$B$1)),"",SUBSTITUTE(SUBSTITUTE(SUBSTITUTE(SUBSTITUTE(TRIM(LEFT(INDEX(貼り付け!$A$1:$BZ$3001,76,$B$1)&"",FIND(" ",TRIM(INDEX(貼り付け!$A$1:$BZ$3001,76,$B$1)&"")&" ")-1)),"/","-"),"年","-"),"月","-"),"日",""))),"") | J77: =IFERROR(MID(I77,FIND("-",I77)+1,99),"")
B78: =IFERROR(IF($B$1=0,"",IF(INDEX(貼り付け!$A$1:$BZ$3001,77,$B$1)="","",IF(ISNUMBER(INDEX(貼り付け!$A$1:$BZ$3001,77,$B$1)),INT(INDEX(貼り付け!$A$1:$BZ$3001,77,$B$1)),DATE(VALUE(LEFT(I78,FIND("-",I78)-1)),VALUE(LEFT(J78,FIND("-",J78)-1)),VALUE(MID(J78,FIND("-",J78)+1,99)))))),"") | C78: =IF($C$1=0,0,IFERROR(VALUE(SUBSTITUTE(SUBSTITUTE(SUBSTITUTE(INDEX(貼り付け!$A$1:$BZ$3001,77,$C$1)&"",",",""),"¥",""),"￥","")),0)) | D78: =IF($D$1=0,0,IFERROR(VALUE(SUBSTITUTE(SUBSTITUTE(SUBSTITUTE(INDEX(貼り付け!$A$1:$BZ$3001,77,$D$1)&"",",",""),"¥",""),"￥","")),0)) | E78: =IF($E$1=0,0,IFERROR(VALUE(SUBSTITUTE(SUBSTITUTE(SUBSTITUTE(INDEX(貼り付け!$A$1:$BZ$3001,77,$E$1)&"",",",""),"¥",""),"￥","")),0)) | F78: =IF($F$1=0,0,IFERROR(VALUE(SUBSTITUTE(SUBSTITUTE(SUBSTITUTE(INDEX(貼り付け!$A$1:$BZ$3001,77,$F$1)&"",",",""),"¥",""),"￥","")),0)) | G78: =IF(ISNUMBER(B78),YEAR(B78),"") | H78: =IF(ISNUMBER(B78),MONTH(B78),"") | I78: =IFERROR(IF($B$1=0,"",IF(ISNUMBER(INDEX(貼り付け!$A$1:$BZ$3001,77,$B$1)),"",SUBSTITUTE(SUBSTITUTE(SUBSTITUTE(SUBSTITUTE(TRIM(LEFT(INDEX(貼り付け!$A$1:$BZ$3001,77,$B$1)&"",FIND(" ",TRIM(INDEX(貼り付け!$A$1:$BZ$3001,77,$B$1)&"")&" ")-1)),"/","-"),"年","-"),"月","-"),"日",""))),"") | J78: =IFERROR(MID(I78,FIND("-",I78)+1,99),"")
B79: =IFERROR(IF($B$1=0,"",IF(INDEX(貼り付け!$A$1:$BZ$3001,78,$B$1)="","",IF(ISNUMBER(INDEX(貼り付け!$A$1:$BZ$3001,78,$B$1)),INT(INDEX(貼り付け!$A$1:$BZ$3001,78,$B$1)),DATE(VALUE(LEFT(I79,FIND("-",I79)-1)),VALUE(LEFT(J79,FIND("-",J79)-1)),VALUE(MID(J79,FIND("-",J79)+1,99)))))),"") | C79: =IF($C$1=0,0,IFERROR(VALUE(SUBSTITUTE(SUBSTITUTE(SUBSTITUTE(INDEX(貼り付け!$A$1:$BZ$3001,78,$C$1)&"",",",""),"¥",""),"￥","")),0)) | D79: =IF($D$1=0,0,IFERROR(VALUE(SUBSTITUTE(SUBSTITUTE(SUBSTITUTE(INDEX(貼り付け!$A$1:$BZ$3001,78,$D$1)&"",",",""),"¥",""),"￥","")),0)) | E79: =IF($E$1=0,0,IFERROR(VALUE(SUBSTITUTE(SUBSTITUTE(SUBSTITUTE(INDEX(貼り付け!$A$1:$BZ$3001,78,$E$1)&"",",",""),"¥",""),"￥","")),0)) | F79: =IF($F$1=0,0,IFERROR(VALUE(SUBSTITUTE(SUBSTITUTE(SUBSTITUTE(INDEX(貼り付け!$A$1:$BZ$3001,78,$F$1)&"",",",""),"¥",""),"￥","")),0)) | G79: =IF(ISNUMBER(B79),YEAR(B79),"") | H79: =IF(ISNUMBER(B79),MONTH(B79),"") | I79: =IFERROR(IF($B$1=0,"",IF(ISNUMBER(INDEX(貼り付け!$A$1:$BZ$3001,78,$B$1)),"",SUBSTITUTE(SUBSTITUTE(SUBSTITUTE(SUBSTITUTE(TRIM(LEFT(INDEX(貼り付け!$A$1:$BZ$3001,78,$B$1)&"",FIND(" ",TRIM(INDEX(貼り付け!$A$1:$BZ$3001,78,$B$1)&"")&" ")-1)),"/","-"),"年","-"),"月","-"),"日",""))),"") | J79: =IFERROR(MID(I79,FIND("-",I79)+1,99),"")
B80: =IFERROR(IF($B$1=0,"",IF(INDEX(貼り付け!$A$1:$BZ$3001,79,$B$1)="","",IF(ISNUMBER(INDEX(貼り付け!$A$1:$BZ$3001,79,$B$1)),INT(INDEX(貼り付け!$A$1:$BZ$3001,79,$B$1)),DATE(VALUE(LEFT(I80,FIND("-",I80)-1)),VALUE(LEFT(J80,FIND("-",J80)-1)),VALUE(MID(J80,FIND("-",J80)+1,99)))))),"") | C80: =IF($C$1=0,0,IFERROR(VALUE(SUBSTITUTE(SUBSTITUTE(SUBSTITUTE(INDEX(貼り付け!$A$1:$BZ$3001,79,$C$1)&"",",",""),"¥",""),"￥","")),0)) | D80: =IF($D$1=0,0,IFERROR(VALUE(SUBSTITUTE(SUBSTITUTE(SUBSTITUTE(INDEX(貼り付け!$A$1:$BZ$3001,79,$D$1)&"",",",""),"¥",""),"￥","")),0)) | E80: =IF($E$1=0,0,IFERROR(VALUE(SUBSTITUTE(SUBSTITUTE(SUBSTITUTE(INDEX(貼り付け!$A$1:$BZ$3001,79,$E$1)&"",",",""),"¥",""),"￥","")),0)) | F80: =IF($F$1=0,0,IFERROR(VALUE(SUBSTITUTE(SUBSTITUTE(SUBSTITUTE(INDEX(貼り付け!$A$1:$BZ$3001,79,$F$1)&"",",",""),"¥",""),"￥","")),0)) | G80: =IF(ISNUMBER(B80),YEAR(B80),"") | H80: =IF(ISNUMBER(B80),MONTH(B80),"") | I80: =IFERROR(IF($B$1=0,"",IF(ISNUMBER(INDEX(貼り付け!$A$1:$BZ$3001,79,$B$1)),"",SUBSTITUTE(SUBSTITUTE(SUBSTITUTE(SUBSTITUTE(TRIM(LEFT(INDEX(貼り付け!$A$1:$BZ$3001,79,$B$1)&"",FIND(" ",TRIM(INDEX(貼り付け!$A$1:$BZ$3001,79,$B$1)&"")&" ")-1)),"/","-"),"年","-"),"月","-"),"日",""))),"") | J80: =IFERROR(MID(I80,FIND("-",I80)+1,99),"")
B81: =IFERROR(IF($B$1=0,"",IF(INDEX(貼り付け!$A$1:$BZ$3001,80,$B$1)="","",IF(ISNUMBER(INDEX(貼り付け!$A$1:$BZ$3001,80,$B$1)),INT(INDEX(貼り付け!$A$1:$BZ$3001,80,$B$1)),DATE(VALUE(LEFT(I81,FIND("-",I81)-1)),VALUE(LEFT(J81,FIND("-",J81)-1)),VALUE(MID(J81,FIND("-",J81)+1,99)))))),"") | C81: =IF($C$1=0,0,IFERROR(VALUE(SUBSTITUTE(SUBSTITUTE(SUBSTITUTE(INDEX(貼り付け!$A$1:$BZ$3001,80,$C$1)&"",",",""),"¥",""),"￥","")),0)) | D81: =IF($D$1=0,0,IFERROR(VALUE(SUBSTITUTE(SUBSTITUTE(SUBSTITUTE(INDEX(貼り付け!$A$1:$BZ$3001,80,$D$1)&"",",",""),"¥",""),"￥","")),0)) | E81: =IF($E$1=0,0,IFERROR(VALUE(SUBSTITUTE(SUBSTITUTE(SUBSTITUTE(INDEX(貼り付け!$A$1:$BZ$3001,80,$E$1)&"",",",""),"¥",""),"￥","")),0)) | F81: =IF($F$1=0,0,IFERROR(VALUE(SUBSTITUTE(SUBSTITUTE(SUBSTITUTE(INDEX(貼り付け!$A$1:$BZ$3001,80,$F$1)&"",",",""),"¥",""),"￥","")),0)) | G81: =IF(ISNUMBER(B81),YEAR(B81),"") | H81: =IF(ISNUMBER(B81),MONTH(B81),"") | I81: =IFERROR(IF($B$1=0,"",IF(ISNUMBER(INDEX(貼り付け!$A$1:$BZ$3001,80,$B$1)),"",SUBSTITUTE(SUBSTITUTE(SUBSTITUTE(SUBSTITUTE(TRIM(LEFT(INDEX(貼り付け!$A$1:$BZ$3001,80,$B$1)&"",FIND(" ",TRIM(INDEX(貼り付け!$A$1:$BZ$3001,80,$B$1)&"")&" ")-1)),"/","-"),"年","-"),"月","-"),"日",""))),"") | J81: =IFERROR(MID(I81,FIND("-",I81)+1,99),"")
B82: =IFERROR(IF($B$1=0,"",IF(INDEX(貼り付け!$A$1:$BZ$3001,81,$B$1)="","",IF(ISNUMBER(INDEX(貼り付け!$A$1:$BZ$3001,81,$B$1)),INT(INDEX(貼り付け!$A$1:$BZ$3001,81,$B$1)),DATE(VALUE(LEFT(I82,FIND("-",I82)-1)),VALUE(LEFT(J82,FIND("-",J82)-1)),VALUE(MID(J82,FIND("-",J82)+1,99)))))),"") | C82: =IF($C$1=0,0,IFERROR(VALUE(SUBSTITUTE(SUBSTITUTE(SUBSTITUTE(INDEX(貼り付け!$A$1:$BZ$3001,81,$C$1)&"",",",""),"¥",""),"￥","")),0)) | D82: =IF($D$1=0,0,IFERROR(VALUE(SUBSTITUTE(SUBSTITUTE(SUBSTITUTE(INDEX(貼り付け!$A$1:$BZ$3001,81,$D$1)&"",",",""),"¥",""),"￥","")),0)) | E82: =IF($E$1=0,0,IFERROR(VALUE(SUBSTITUTE(SUBSTITUTE(SUBSTITUTE(INDEX(貼り付け!$A$1:$BZ$3001,81,$E$1)&"",",",""),"¥",""),"￥","")),0)) | F82: =IF($F$1=0,0,IFERROR(VALUE(SUBSTITUTE(SUBSTITUTE(SUBSTITUTE(INDEX(貼り付け!$A$1:$BZ$3001,81,$F$1)&"",",",""),"¥",""),"￥","")),0)) | G82: =IF(ISNUMBER(B82),YEAR(B82),"") | H82: =IF(ISNUMBER(B82),MONTH(B82),"") | I82: =IFERROR(IF($B$1=0,"",IF(ISNUMBER(INDEX(貼り付け!$A$1:$BZ$3001,81,$B$1)),"",SUBSTITUTE(SUBSTITUTE(SUBSTITUTE(SUBSTITUTE(TRIM(LEFT(INDEX(貼り付け!$A$1:$BZ$3001,81,$B$1)&"",FIND(" ",TRIM(INDEX(貼り付け!$A$1:$BZ$3001,81,$B$1)&"")&" ")-1)),"/","-"),"年","-"),"月","-"),"日",""))),"") | J82: =IFERROR(MID(I82,FIND("-",I82)+1,99),"")
B83: =IFERROR(IF($B$1=0,"",IF(INDEX(貼り付け!$A$1:$BZ$3001,82,$B$1)="","",IF(ISNUMBER(INDEX(貼り付け!$A$1:$BZ$3001,82,$B$1)),INT(INDEX(貼り付け!$A$1:$BZ$3001,82,$B$1)),DATE(VALUE(LEFT(I83,FIND("-",I83)-1)),VALUE(LEFT(J83,FIND("-",J83)-1)),VALUE(MID(J83,FIND("-",J83)+1,99)))))),"") | C83: =IF($C$1=0,0,IFERROR(VALUE(SUBSTITUTE(SUBSTITUTE(SUBSTITUTE(INDEX(貼り付け!$A$1:$BZ$3001,82,$C$1)&"",",",""),"¥",""),"￥","")),0)) | D83: =IF($D$1=0,0,IFERROR(VALUE(SUBSTITUTE(SUBSTITUTE(SUBSTITUTE(INDEX(貼り付け!$A$1:$BZ$3001,82,$D$1)&"",",",""),"¥",""),"￥","")),0)) | E83: =IF($E$1=0,0,IFERROR(VALUE(SUBSTITUTE(SUBSTITUTE(SUBSTITUTE(INDEX(貼り付け!$A$1:$BZ$3001,82,$E$1)&"",",",""),"¥",""),"￥","")),0)) | F83: =IF($F$1=0,0,IFERROR(VALUE(SUBSTITUTE(SUBSTITUTE(SUBSTITUTE(INDEX(貼り付け!$A$1:$BZ$3001,82,$F$1)&"",",",""),"¥",""),"￥","")),0)) | G83: =IF(ISNUMBER(B83),YEAR(B83),"") | H83: =IF(ISNUMBER(B83),MONTH(B83),"") | I83: =IFERROR(IF($B$1=0,"",IF(ISNUMBER(INDEX(貼り付け!$A$1:$BZ$3001,82,$B$1)),"",SUBSTITUTE(SUBSTITUTE(SUBSTITUTE(SUBSTITUTE(TRIM(LEFT(INDEX(貼り付け!$A$1:$BZ$3001,82,$B$1)&"",FIND(" ",TRIM(INDEX(貼り付け!$A$1:$BZ$3001,82,$B$1)&"")&" ")-1)),"/","-"),"年","-"),"月","-"),"日",""))),"") | J83: =IFERROR(MID(I83,FIND("-",I83)+1,99),"")
B84: =IFERROR(IF($B$1=0,"",IF(INDEX(貼り付け!$A$1:$BZ$3001,83,$B$1)="","",IF(ISNUMBER(INDEX(貼り付け!$A$1:$BZ$3001,83,$B$1)),INT(INDEX(貼り付け!$A$1:$BZ$3001,83,$B$1)),DATE(VALUE(LEFT(I84,FIND("-",I84)-1)),VALUE(LEFT(J84,FIND("-",J84)-1)),VALUE(MID(J84,FIND("-",J84)+1,99)))))),"") | C84: =IF($C$1=0,0,IFERROR(VALUE(SUBSTITUTE(SUBSTITUTE(SUBSTITUTE(INDEX(貼り付け!$A$1:$BZ$3001,83,$C$1)&"",",",""),"¥",""),"￥","")),0)) | D84: =IF($D$1=0,0,IFERROR(VALUE(SUBSTITUTE(SUBSTITUTE(SUBSTITUTE(INDEX(貼り付け!$A$1:$BZ$3001,83,$D$1)&"",",",""),"¥",""),"￥","")),0)) | E84: =IF($E$1=0,0,IFERROR(VALUE(SUBSTITUTE(SUBSTITUTE(SUBSTITUTE(INDEX(貼り付け!$A$1:$BZ$3001,83,$E$1)&"",",",""),"¥",""),"￥","")),0)) | F84: =IF($F$1=0,0,IFERROR(VALUE(SUBSTITUTE(SUBSTITUTE(SUBSTITUTE(INDEX(貼り付け!$A$1:$BZ$3001,83,$F$1)&"",",",""),"¥",""),"￥","")),0)) | G84: =IF(ISNUMBER(B84),YEAR(B84),"") | H84: =IF(ISNUMBER(B84),MONTH(B84),"") | I84: =IFERROR(IF($B$1=0,"",IF(ISNUMBER(INDEX(貼り付け!$A$1:$BZ$3001,83,$B$1)),"",SUBSTITUTE(SUBSTITUTE(SUBSTITUTE(SUBSTITUTE(TRIM(LEFT(INDEX(貼り付け!$A$1:$BZ$3001,83,$B$1)&"",FIND(" ",TRIM(INDEX(貼り付け!$A$1:$BZ$3001,83,$B$1)&"")&" ")-1)),"/","-"),"年","-"),"月","-"),"日",""))),"") | J84: =IFERROR(MID(I84,FIND("-",I84)+1,99),"")
B85: =IFERROR(IF($B$1=0,"",IF(INDEX(貼り付け!$A$1:$BZ$3001,84,$B$1)="","",IF(ISNUMBER(INDEX(貼り付け!$A$1:$BZ$3001,84,$B$1)),INT(INDEX(貼り付け!$A$1:$BZ$3001,84,$B$1)),DATE(VALUE(LEFT(I85,FIND("-",I85)-1)),VALUE(LEFT(J85,FIND("-",J85)-1)),VALUE(MID(J85,FIND("-",J85)+1,99)))))),"") | C85: =IF($C$1=0,0,IFERROR(VALUE(SUBSTITUTE(SUBSTITUTE(SUBSTITUTE(INDEX(貼り付け!$A$1:$BZ$3001,84,$C$1)&"",",",""),"¥",""),"￥","")),0)) | D85: =IF($D$1=0,0,IFERROR(VALUE(SUBSTITUTE(SUBSTITUTE(SUBSTITUTE(INDEX(貼り付け!$A$1:$BZ$3001,84,$D$1)&"",",",""),"¥",""),"￥","")),0)) | E85: =IF($E$1=0,0,IFERROR(VALUE(SUBSTITUTE(SUBSTITUTE(SUBSTITUTE(INDEX(貼り付け!$A$1:$BZ$3001,84,$E$1)&"",",",""),"¥",""),"￥","")),0)) | F85: =IF($F$1=0,0,IFERROR(VALUE(SUBSTITUTE(SUBSTITUTE(SUBSTITUTE(INDEX(貼り付け!$A$1:$BZ$3001,84,$F$1)&"",",",""),"¥",""),"￥","")),0)) | G85: =IF(ISNUMBER(B85),YEAR(B85),"") | H85: =IF(ISNUMBER(B85),MONTH(B85),"") | I85: =IFERROR(IF($B$1=0,"",IF(ISNUMBER(INDEX(貼り付け!$A$1:$BZ$3001,84,$B$1)),"",SUBSTITUTE(SUBSTITUTE(SUBSTITUTE(SUBSTITUTE(TRIM(LEFT(INDEX(貼り付け!$A$1:$BZ$3001,84,$B$1)&"",FIND(" ",TRIM(INDEX(貼り付け!$A$1:$BZ$3001,84,$B$1)&"")&" ")-1)),"/","-"),"年","-"),"月","-"),"日",""))),"") | J85: =IFERROR(MID(I85,FIND("-",I85)+1,99),"")
B86: =IFERROR(IF($B$1=0,"",IF(INDEX(貼り付け!$A$1:$BZ$3001,85,$B$1)="","",IF(ISNUMBER(INDEX(貼り付け!$A$1:$BZ$3001,85,$B$1)),INT(INDEX(貼り付け!$A$1:$BZ$3001,85,$B$1)),DATE(VALUE(LEFT(I86,FIND("-",I86)-1)),VALUE(LEFT(J86,FIND("-",J86)-1)),VALUE(MID(J86,FIND("-",J86)+1,99)))))),"") | C86: =IF($C$1=0,0,IFERROR(VALUE(SUBSTITUTE(SUBSTITUTE(SUBSTITUTE(INDEX(貼り付け!$A$1:$BZ$3001,85,$C$1)&"",",",""),"¥",""),"￥","")),0)) | D86: =IF($D$1=0,0,IFERROR(VALUE(SUBSTITUTE(SUBSTITUTE(SUBSTITUTE(INDEX(貼り付け!$A$1:$BZ$3001,85,$D$1)&"",",",""),"¥",""),"￥","")),0)) | E86: =IF($E$1=0,0,IFERROR(VALUE(SUBSTITUTE(SUBSTITUTE(SUBSTITUTE(INDEX(貼り付け!$A$1:$BZ$3001,85,$E$1)&"",",",""),"¥",""),"￥","")),0)) | F86: =IF($F$1=0,0,IFERROR(VALUE(SUBSTITUTE(SUBSTITUTE(SUBSTITUTE(INDEX(貼り付け!$A$1:$BZ$3001,85,$F$1)&"",",",""),"¥",""),"￥","")),0)) | G86: =IF(ISNUMBER(B86),YEAR(B86),"") | H86: =IF(ISNUMBER(B86),MONTH(B86),"") | I86: =IFERROR(IF($B$1=0,"",IF(ISNUMBER(INDEX(貼り付け!$A$1:$BZ$3001,85,$B$1)),"",SUBSTITUTE(SUBSTITUTE(SUBSTITUTE(SUBSTITUTE(TRIM(LEFT(INDEX(貼り付け!$A$1:$BZ$3001,85,$B$1)&"",FIND(" ",TRIM(INDEX(貼り付け!$A$1:$BZ$3001,85,$B$1)&"")&" ")-1)),"/","-"),"年","-"),"月","-"),"日",""))),"") | J86: =IFERROR(MID(I86,FIND("-",I86)+1,99),"")
B87: =IFERROR(IF($B$1=0,"",IF(INDEX(貼り付け!$A$1:$BZ$3001,86,$B$1)="","",IF(ISNUMBER(INDEX(貼り付け!$A$1:$BZ$3001,86,$B$1)),INT(INDEX(貼り付け!$A$1:$BZ$3001,86,$B$1)),DATE(VALUE(LEFT(I87,FIND("-",I87)-1)),VALUE(LEFT(J87,FIND("-",J87)-1)),VALUE(MID(J87,FIND("-",J87)+1,99)))))),"") | C87: =IF($C$1=0,0,IFERROR(VALUE(SUBSTITUTE(SUBSTITUTE(SUBSTITUTE(INDEX(貼り付け!$A$1:$BZ$3001,86,$C$1)&"",",",""),"¥",""),"￥","")),0)) | D87: =IF($D$1=0,0,IFERROR(VALUE(SUBSTITUTE(SUBSTITUTE(SUBSTITUTE(INDEX(貼り付け!$A$1:$BZ$3001,86,$D$1)&"",",",""),"¥",""),"￥","")),0)) | E87: =IF($E$1=0,0,IFERROR(VALUE(SUBSTITUTE(SUBSTITUTE(SUBSTITUTE(INDEX(貼り付け!$A$1:$BZ$3001,86,$E$1)&"",",",""),"¥",""),"￥","")),0)) | F87: =IF($F$1=0,0,IFERROR(VALUE(SUBSTITUTE(SUBSTITUTE(SUBSTITUTE(INDEX(貼り付け!$A$1:$BZ$3001,86,$F$1)&"",",",""),"¥",""),"￥","")),0)) | G87: =IF(ISNUMBER(B87),YEAR(B87),"") | H87: =IF(ISNUMBER(B87),MONTH(B87),"") | I87: =IFERROR(IF($B$1=0,"",IF(ISNUMBER(INDEX(貼り付け!$A$1:$BZ$3001,86,$B$1)),"",SUBSTITUTE(SUBSTITUTE(SUBSTITUTE(SUBSTITUTE(TRIM(LEFT(INDEX(貼り付け!$A$1:$BZ$3001,86,$B$1)&"",FIND(" ",TRIM(INDEX(貼り付け!$A$1:$BZ$3001,86,$B$1)&"")&" ")-1)),"/","-"),"年","-"),"月","-"),"日",""))),"") | J87: =IFERROR(MID(I87,FIND("-",I87)+1,99),"")
B88: =IFERROR(IF($B$1=0,"",IF(INDEX(貼り付け!$A$1:$BZ$3001,87,$B$1)="","",IF(ISNUMBER(INDEX(貼り付け!$A$1:$BZ$3001,87,$B$1)),INT(INDEX(貼り付け!$A$1:$BZ$3001,87,$B$1)),DATE(VALUE(LEFT(I88,FIND("-",I88)-1)),VALUE(LEFT(J88,FIND("-",J88)-1)),VALUE(MID(J88,FIND("-",J88)+1,99)))))),"") | C88: =IF($C$1=0,0,IFERROR(VALUE(SUBSTITUTE(SUBSTITUTE(SUBSTITUTE(INDEX(貼り付け!$A$1:$BZ$3001,87,$C$1)&"",",",""),"¥",""),"￥","")),0)) | D88: =IF($D$1=0,0,IFERROR(VALUE(SUBSTITUTE(SUBSTITUTE(SUBSTITUTE(INDEX(貼り付け!$A$1:$BZ$3001,87,$D$1)&"",",",""),"¥",""),"￥","")),0)) | E88: =IF($E$1=0,0,IFERROR(VALUE(SUBSTITUTE(SUBSTITUTE(SUBSTITUTE(INDEX(貼り付け!$A$1:$BZ$3001,87,$E$1)&"",",",""),"¥",""),"￥","")),0)) | F88: =IF($F$1=0,0,IFERROR(VALUE(SUBSTITUTE(SUBSTITUTE(SUBSTITUTE(INDEX(貼り付け!$A$1:$BZ$3001,87,$F$1)&"",",",""),"¥",""),"￥","")),0)) | G88: =IF(ISNUMBER(B88),YEAR(B88),"") | H88: =IF(ISNUMBER(B88),MONTH(B88),"") | I88: =IFERROR(IF($B$1=0,"",IF(ISNUMBER(INDEX(貼り付け!$A$1:$BZ$3001,87,$B$1)),"",SUBSTITUTE(SUBSTITUTE(SUBSTITUTE(SUBSTITUTE(TRIM(LEFT(INDEX(貼り付け!$A$1:$BZ$3001,87,$B$1)&"",FIND(" ",TRIM(INDEX(貼り付け!$A$1:$BZ$3001,87,$B$1)&"")&" ")-1)),"/","-"),"年","-"),"月","-"),"日",""))),"") | J88: =IFERROR(MID(I88,FIND("-",I88)+1,99),"")
B89: =IFERROR(IF($B$1=0,"",IF(INDEX(貼り付け!$A$1:$BZ$3001,88,$B$1)="","",IF(ISNUMBER(INDEX(貼り付け!$A$1:$BZ$3001,88,$B$1)),INT(INDEX(貼り付け!$A$1:$BZ$3001,88,$B$1)),DATE(VALUE(LEFT(I89,FIND("-",I89)-1)),VALUE(LEFT(J89,FIND("-",J89)-1)),VALUE(MID(J89,FIND("-",J89)+1,99)))))),"") | C89: =IF($C$1=0,0,IFERROR(VALUE(SUBSTITUTE(SUBSTITUTE(SUBSTITUTE(INDEX(貼り付け!$A$1:$BZ$3001,88,$C$1)&"",",",""),"¥",""),"￥","")),0)) | D89: =IF($D$1=0,0,IFERROR(VALUE(SUBSTITUTE(SUBSTITUTE(SUBSTITUTE(INDEX(貼り付け!$A$1:$BZ$3001,88,$D$1)&"",",",""),"¥",""),"￥","")),0)) | E89: =IF($E$1=0,0,IFERROR(VALUE(SUBSTITUTE(SUBSTITUTE(SUBSTITUTE(INDEX(貼り付け!$A$1:$BZ$3001,88,$E$1)&"",",",""),"¥",""),"￥","")),0)) | F89: =IF($F$1=0,0,IFERROR(VALUE(SUBSTITUTE(SUBSTITUTE(SUBSTITUTE(INDEX(貼り付け!$A$1:$BZ$3001,88,$F$1)&"",",",""),"¥",""),"￥","")),0)) | G89: =IF(ISNUMBER(B89),YEAR(B89),"") | H89: =IF(ISNUMBER(B89),MONTH(B89),"") | I89: =IFERROR(IF($B$1=0,"",IF(ISNUMBER(INDEX(貼り付け!$A$1:$BZ$3001,88,$B$1)),"",SUBSTITUTE(SUBSTITUTE(SUBSTITUTE(SUBSTITUTE(TRIM(LEFT(INDEX(貼り付け!$A$1:$BZ$3001,88,$B$1)&"",FIND(" ",TRIM(INDEX(貼り付け!$A$1:$BZ$3001,88,$B$1)&"")&" ")-1)),"/","-"),"年","-"),"月","-"),"日",""))),"") | J89: =IFERROR(MID(I89,FIND("-",I89)+1,99),"")
B90: =IFERROR(IF($B$1=0,"",IF(INDEX(貼り付け!$A$1:$BZ$3001,89,$B$1)="","",IF(ISNUMBER(INDEX(貼り付け!$A$1:$BZ$3001,89,$B$1)),INT(INDEX(貼り付け!$A$1:$BZ$3001,89,$B$1)),DATE(VALUE(LEFT(I90,FIND("-",I90)-1)),VALUE(LEFT(J90,FIND("-",J90)-1)),VALUE(MID(J90,FIND("-",J90)+1,99)))))),"") | C90: =IF($C$1=0,0,IFERROR(VALUE(SUBSTITUTE(SUBSTITUTE(SUBSTITUTE(INDEX(貼り付け!$A$1:$BZ$3001,89,$C$1)&"",",",""),"¥",""),"￥","")),0)) | D90: =IF($D$1=0,0,IFERROR(VALUE(SUBSTITUTE(SUBSTITUTE(SUBSTITUTE(INDEX(貼り付け!$A$1:$BZ$3001,89,$D$1)&"",",",""),"¥",""),"￥","")),0)) | E90: =IF($E$1=0,0,IFERROR(VALUE(SUBSTITUTE(SUBSTITUTE(SUBSTITUTE(INDEX(貼り付け!$A$1:$BZ$3001,89,$E$1)&"",",",""),"¥",""),"￥","")),0)) | F90: =IF($F$1=0,0,IFERROR(VALUE(SUBSTITUTE(SUBSTITUTE(SUBSTITUTE(INDEX(貼り付け!$A$1:$BZ$3001,89,$F$1)&"",",",""),"¥",""),"￥","")),0)) | G90: =IF(ISNUMBER(B90),YEAR(B90),"") | H90: =IF(ISNUMBER(B90),MONTH(B90),"") | I90: =IFERROR(IF($B$1=0,"",IF(ISNUMBER(INDEX(貼り付け!$A$1:$BZ$3001,89,$B$1)),"",SUBSTITUTE(SUBSTITUTE(SUBSTITUTE(SUBSTITUTE(TRIM(LEFT(INDEX(貼り付け!$A$1:$BZ$3001,89,$B$1)&"",FIND(" ",TRIM(INDEX(貼り付け!$A$1:$BZ$3001,89,$B$1)&"")&" ")-1)),"/","-"),"年","-"),"月","-"),"日",""))),"") | J90: =IFERROR(MID(I90,FIND("-",I90)+1,99),"")
B91: =IFERROR(IF($B$1=0,"",IF(INDEX(貼り付け!$A$1:$BZ$3001,90,$B$1)="","",IF(ISNUMBER(INDEX(貼り付け!$A$1:$BZ$3001,90,$B$1)),INT(INDEX(貼り付け!$A$1:$BZ$3001,90,$B$1)),DATE(VALUE(LEFT(I91,FIND("-",I91)-1)),VALUE(LEFT(J91,FIND("-",J91)-1)),VALUE(MID(J91,FIND("-",J91)+1,99)))))),"") | C91: =IF($C$1=0,0,IFERROR(VALUE(SUBSTITUTE(SUBSTITUTE(SUBSTITUTE(INDEX(貼り付け!$A$1:$BZ$3001,90,$C$1)&"",",",""),"¥",""),"￥","")),0)) | D91: =IF($D$1=0,0,IFERROR(VALUE(SUBSTITUTE(SUBSTITUTE(SUBSTITUTE(INDEX(貼り付け!$A$1:$BZ$3001,90,$D$1)&"",",",""),"¥",""),"￥","")),0)) | E91: =IF($E$1=0,0,IFERROR(VALUE(SUBSTITUTE(SUBSTITUTE(SUBSTITUTE(INDEX(貼り付け!$A$1:$BZ$3001,90,$E$1)&"",",",""),"¥",""),"￥","")),0)) | F91: =IF($F$1=0,0,IFERROR(VALUE(SUBSTITUTE(SUBSTITUTE(SUBSTITUTE(INDEX(貼り付け!$A$1:$BZ$3001,90,$F$1)&"",",",""),"¥",""),"￥","")),0)) | G91: =IF(ISNUMBER(B91),YEAR(B91),"") | H91: =IF(ISNUMBER(B91),MONTH(B91),"") | I91: =IFERROR(IF($B$1=0,"",IF(ISNUMBER(INDEX(貼り付け!$A$1:$BZ$3001,90,$B$1)),"",SUBSTITUTE(SUBSTITUTE(SUBSTITUTE(SUBSTITUTE(TRIM(LEFT(INDEX(貼り付け!$A$1:$BZ$3001,90,$B$1)&"",FIND(" ",TRIM(INDEX(貼り付け!$A$1:$BZ$3001,90,$B$1)&"")&" ")-1)),"/","-"),"年","-"),"月","-"),"日",""))),"") | J91: =IFERROR(MID(I91,FIND("-",I91)+1,99),"")
B92: =IFERROR(IF($B$1=0,"",IF(INDEX(貼り付け!$A$1:$BZ$3001,91,$B$1)="","",IF(ISNUMBER(INDEX(貼り付け!$A$1:$BZ$3001,91,$B$1)),INT(INDEX(貼り付け!$A$1:$BZ$3001,91,$B$1)),DATE(VALUE(LEFT(I92,FIND("-",I92)-1)),VALUE(LEFT(J92,FIND("-",J92)-1)),VALUE(MID(J92,FIND("-",J92)+1,99)))))),"") | C92: =IF($C$1=0,0,IFERROR(VALUE(SUBSTITUTE(SUBSTITUTE(SUBSTITUTE(INDEX(貼り付け!$A$1:$BZ$3001,91,$C$1)&"",",",""),"¥",""),"￥","")),0)) | D92: =IF($D$1=0,0,IFERROR(VALUE(SUBSTITUTE(SUBSTITUTE(SUBSTITUTE(INDEX(貼り付け!$A$1:$BZ$3001,91,$D$1)&"",",",""),"¥",""),"￥","")),0)) | E92: =IF($E$1=0,0,IFERROR(VALUE(SUBSTITUTE(SUBSTITUTE(SUBSTITUTE(INDEX(貼り付け!$A$1:$BZ$3001,91,$E$1)&"",",",""),"¥",""),"￥","")),0)) | F92: =IF($F$1=0,0,IFERROR(VALUE(SUBSTITUTE(SUBSTITUTE(SUBSTITUTE(INDEX(貼り付け!$A$1:$BZ$3001,91,$F$1)&"",",",""),"¥",""),"￥","")),0)) | G92: =IF(ISNUMBER(B92),YEAR(B92),"") | H92: =IF(ISNUMBER(B92),MONTH(B92),"") | I92: =IFERROR(IF($B$1=0,"",IF(ISNUMBER(INDEX(貼り付け!$A$1:$BZ$3001,91,$B$1)),"",SUBSTITUTE(SUBSTITUTE(SUBSTITUTE(SUBSTITUTE(TRIM(LEFT(INDEX(貼り付け!$A$1:$BZ$3001,91,$B$1)&"",FIND(" ",TRIM(INDEX(貼り付け!$A$1:$BZ$3001,91,$B$1)&"")&" ")-1)),"/","-"),"年","-"),"月","-"),"日",""))),"") | J92: =IFERROR(MID(I92,FIND("-",I92)+1,99),"")
B93: =IFERROR(IF($B$1=0,"",IF(INDEX(貼り付け!$A$1:$BZ$3001,92,$B$1)="","",IF(ISNUMBER(INDEX(貼り付け!$A$1:$BZ$3001,92,$B$1)),INT(INDEX(貼り付け!$A$1:$BZ$3001,92,$B$1)),DATE(VALUE(LEFT(I93,FIND("-",I93)-1)),VALUE(LEFT(J93,FIND("-",J93)-1)),VALUE(MID(J93,FIND("-",J93)+1,99)))))),"") | C93: =IF($C$1=0,0,IFERROR(VALUE(SUBSTITUTE(SUBSTITUTE(SUBSTITUTE(INDEX(貼り付け!$A$1:$BZ$3001,92,$C$1)&"",",",""),"¥",""),"￥","")),0)) | D93: =IF($D$1=0,0,IFERROR(VALUE(SUBSTITUTE(SUBSTITUTE(SUBSTITUTE(INDEX(貼り付け!$A$1:$BZ$3001,92,$D$1)&"",",",""),"¥",""),"￥","")),0)) | E93: =IF($E$1=0,0,IFERROR(VALUE(SUBSTITUTE(SUBSTITUTE(SUBSTITUTE(INDEX(貼り付け!$A$1:$BZ$3001,92,$E$1)&"",",",""),"¥",""),"￥","")),0)) | F93: =IF($F$1=0,0,IFERROR(VALUE(SUBSTITUTE(SUBSTITUTE(SUBSTITUTE(INDEX(貼り付け!$A$1:$BZ$3001,92,$F$1)&"",",",""),"¥",""),"￥","")),0)) | G93: =IF(ISNUMBER(B93),YEAR(B93),"") | H93: =IF(ISNUMBER(B93),MONTH(B93),"") | I93: =IFERROR(IF($B$1=0,"",IF(ISNUMBER(INDEX(貼り付け!$A$1:$BZ$3001,92,$B$1)),"",SUBSTITUTE(SUBSTITUTE(SUBSTITUTE(SUBSTITUTE(TRIM(LEFT(INDEX(貼り付け!$A$1:$BZ$3001,92,$B$1)&"",FIND(" ",TRIM(INDEX(貼り付け!$A$1:$BZ$3001,92,$B$1)&"")&" ")-1)),"/","-"),"年","-"),"月","-"),"日",""))),"") | J93: =IFERROR(MID(I93,FIND("-",I93)+1,99),"")
B94: =IFERROR(IF($B$1=0,"",IF(INDEX(貼り付け!$A$1:$BZ$3001,93,$B$1)="","",IF(ISNUMBER(INDEX(貼り付け!$A$1:$BZ$3001,93,$B$1)),INT(INDEX(貼り付け!$A$1:$BZ$3001,93,$B$1)),DATE(VALUE(LEFT(I94,FIND("-",I94)-1)),VALUE(LEFT(J94,FIND("-",J94)-1)),VALUE(MID(J94,FIND("-",J94)+1,99)))))),"") | C94: =IF($C$1=0,0,IFERROR(VALUE(SUBSTITUTE(SUBSTITUTE(SUBSTITUTE(INDEX(貼り付け!$A$1:$BZ$3001,93,$C$1)&"",",",""),"¥",""),"￥","")),0)) | D94: =IF($D$1=0,0,IFERROR(VALUE(SUBSTITUTE(SUBSTITUTE(SUBSTITUTE(INDEX(貼り付け!$A$1:$BZ$3001,93,$D$1)&"",",",""),"¥",""),"￥","")),0)) | E94: =IF($E$1=0,0,IFERROR(VALUE(SUBSTITUTE(SUBSTITUTE(SUBSTITUTE(INDEX(貼り付け!$A$1:$BZ$3001,93,$E$1)&"",",",""),"¥",""),"￥","")),0)) | F94: =IF($F$1=0,0,IFERROR(VALUE(SUBSTITUTE(SUBSTITUTE(SUBSTITUTE(INDEX(貼り付け!$A$1:$BZ$3001,93,$F$1)&"",",",""),"¥",""),"￥","")),0)) | G94: =IF(ISNUMBER(B94),YEAR(B94),"") | H94: =IF(ISNUMBER(B94),MONTH(B94),"") | I94: =IFERROR(IF($B$1=0,"",IF(ISNUMBER(INDEX(貼り付け!$A$1:$BZ$3001,93,$B$1)),"",SUBSTITUTE(SUBSTITUTE(SUBSTITUTE(SUBSTITUTE(TRIM(LEFT(INDEX(貼り付け!$A$1:$BZ$3001,93,$B$1)&"",FIND(" ",TRIM(INDEX(貼り付け!$A$1:$BZ$3001,93,$B$1)&"")&" ")-1)),"/","-"),"年","-"),"月","-"),"日",""))),"") | J94: =IFERROR(MID(I94,FIND("-",I94)+1,99),"")
B95: =IFERROR(IF($B$1=0,"",IF(INDEX(貼り付け!$A$1:$BZ$3001,94,$B$1)="","",IF(ISNUMBER(INDEX(貼り付け!$A$1:$BZ$3001,94,$B$1)),INT(INDEX(貼り付け!$A$1:$BZ$3001,94,$B$1)),DATE(VALUE(LEFT(I95,FIND("-",I95)-1)),VALUE(LEFT(J95,FIND("-",J95)-1)),VALUE(MID(J95,FIND("-",J95)+1,99)))))),"") | C95: =IF($C$1=0,0,IFERROR(VALUE(SUBSTITUTE(SUBSTITUTE(SUBSTITUTE(INDEX(貼り付け!$A$1:$BZ$3001,94,$C$1)&"",",",""),"¥",""),"￥","")),0)) | D95: =IF($D$1=0,0,IFERROR(VALUE(SUBSTITUTE(SUBSTITUTE(SUBSTITUTE(INDEX(貼り付け!$A$1:$BZ$3001,94,$D$1)&"",",",""),"¥",""),"￥","")),0)) | E95: =IF($E$1=0,0,IFERROR(VALUE(SUBSTITUTE(SUBSTITUTE(SUBSTITUTE(INDEX(貼り付け!$A$1:$BZ$3001,94,$E$1)&"",",",""),"¥",""),"￥","")),0)) | F95: =IF($F$1=0,0,IFERROR(VALUE(SUBSTITUTE(SUBSTITUTE(SUBSTITUTE(INDEX(貼り付け!$A$1:$BZ$3001,94,$F$1)&"",",",""),"¥",""),"￥","")),0)) | G95: =IF(ISNUMBER(B95),YEAR(B95),"") | H95: =IF(ISNUMBER(B95),MONTH(B95),"") | I95: =IFERROR(IF($B$1=0,"",IF(ISNUMBER(INDEX(貼り付け!$A$1:$BZ$3001,94,$B$1)),"",SUBSTITUTE(SUBSTITUTE(SUBSTITUTE(SUBSTITUTE(TRIM(LEFT(INDEX(貼り付け!$A$1:$BZ$3001,94,$B$1)&"",FIND(" ",TRIM(INDEX(貼り付け!$A$1:$BZ$3001,94,$B$1)&"")&" ")-1)),"/","-"),"年","-"),"月","-"),"日",""))),"") | J95: =IFERROR(MID(I95,FIND("-",I95)+1,99),"")
B96: =IFERROR(IF($B$1=0,"",IF(INDEX(貼り付け!$A$1:$BZ$3001,95,$B$1)="","",IF(ISNUMBER(INDEX(貼り付け!$A$1:$BZ$3001,95,$B$1)),INT(INDEX(貼り付け!$A$1:$BZ$3001,95,$B$1)),DATE(VALUE(LEFT(I96,FIND("-",I96)-1)),VALUE(LEFT(J96,FIND("-",J96)-1)),VALUE(MID(J96,FIND("-",J96)+1,99)))))),"") | C96: =IF($C$1=0,0,IFERROR(VALUE(SUBSTITUTE(SUBSTITUTE(SUBSTITUTE(INDEX(貼り付け!$A$1:$BZ$3001,95,$C$1)&"",",",""),"¥",""),"￥","")),0)) | D96: =IF($D$1=0,0,IFERROR(VALUE(SUBSTITUTE(SUBSTITUTE(SUBSTITUTE(INDEX(貼り付け!$A$1:$BZ$3001,95,$D$1)&"",",",""),"¥",""),"￥","")),0)) | E96: =IF($E$1=0,0,IFERROR(VALUE(SUBSTITUTE(SUBSTITUTE(SUBSTITUTE(INDEX(貼り付け!$A$1:$BZ$3001,95,$E$1)&"",",",""),"¥",""),"￥","")),0)) | F96: =IF($F$1=0,0,IFERROR(VALUE(SUBSTITUTE(SUBSTITUTE(SUBSTITUTE(INDEX(貼り付け!$A$1:$BZ$3001,95,$F$1)&"",",",""),"¥",""),"￥","")),0)) | G96: =IF(ISNUMBER(B96),YEAR(B96),"") | H96: =IF(ISNUMBER(B96),MONTH(B96),"") | I96: =IFERROR(IF($B$1=0,"",IF(ISNUMBER(INDEX(貼り付け!$A$1:$BZ$3001,95,$B$1)),"",SUBSTITUTE(SUBSTITUTE(SUBSTITUTE(SUBSTITUTE(TRIM(LEFT(INDEX(貼り付け!$A$1:$BZ$3001,95,$B$1)&"",FIND(" ",TRIM(INDEX(貼り付け!$A$1:$BZ$3001,95,$B$1)&"")&" ")-1)),"/","-"),"年","-"),"月","-"),"日",""))),"") | J96: =IFERROR(MID(I96,FIND("-",I96)+1,99),"")
B97: =IFERROR(IF($B$1=0,"",IF(INDEX(貼り付け!$A$1:$BZ$3001,96,$B$1)="","",IF(ISNUMBER(INDEX(貼り付け!$A$1:$BZ$3001,96,$B$1)),INT(INDEX(貼り付け!$A$1:$BZ$3001,96,$B$1)),DATE(VALUE(LEFT(I97,FIND("-",I97)-1)),VALUE(LEFT(J97,FIND("-",J97)-1)),VALUE(MID(J97,FIND("-",J97)+1,99)))))),"") | C97: =IF($C$1=0,0,IFERROR(VALUE(SUBSTITUTE(SUBSTITUTE(SUBSTITUTE(INDEX(貼り付け!$A$1:$BZ$3001,96,$C$1)&"",",",""),"¥",""),"￥","")),0)) | D97: =IF($D$1=0,0,IFERROR(VALUE(SUBSTITUTE(SUBSTITUTE(SUBSTITUTE(INDEX(貼り付け!$A$1:$BZ$3001,96,$D$1)&"",",",""),"¥",""),"￥","")),0)) | E97: =IF($E$1=0,0,IFERROR(VALUE(SUBSTITUTE(SUBSTITUTE(SUBSTITUTE(INDEX(貼り付け!$A$1:$BZ$3001,96,$E$1)&"",",",""),"¥",""),"￥","")),0)) | F97: =IF($F$1=0,0,IFERROR(VALUE(SUBSTITUTE(SUBSTITUTE(SUBSTITUTE(INDEX(貼り付け!$A$1:$BZ$3001,96,$F$1)&"",",",""),"¥",""),"￥","")),0)) | G97: =IF(ISNUMBER(B97),YEAR(B97),"") | H97: =IF(ISNUMBER(B97),MONTH(B97),"") | I97: =IFERROR(IF($B$1=0,"",IF(ISNUMBER(INDEX(貼り付け!$A$1:$BZ$3001,96,$B$1)),"",SUBSTITUTE(SUBSTITUTE(SUBSTITUTE(SUBSTITUTE(TRIM(LEFT(INDEX(貼り付け!$A$1:$BZ$3001,96,$B$1)&"",FIND(" ",TRIM(INDEX(貼り付け!$A$1:$BZ$3001,96,$B$1)&"")&" ")-1)),"/","-"),"年","-"),"月","-"),"日",""))),"") | J97: =IFERROR(MID(I97,FIND("-",I97)+1,99),"")
B98: =IFERROR(IF($B$1=0,"",IF(INDEX(貼り付け!$A$1:$BZ$3001,97,$B$1)="","",IF(ISNUMBER(INDEX(貼り付け!$A$1:$BZ$3001,97,$B$1)),INT(INDEX(貼り付け!$A$1:$BZ$3001,97,$B$1)),DATE(VALUE(LEFT(I98,FIND("-",I98)-1)),VALUE(LEFT(J98,FIND("-",J98)-1)),VALUE(MID(J98,FIND("-",J98)+1,99)))))),"") | C98: =IF($C$1=0,0,IFERROR(VALUE(SUBSTITUTE(SUBSTITUTE(SUBSTITUTE(INDEX(貼り付け!$A$1:$BZ$3001,97,$C$1)&"",",",""),"¥",""),"￥","")),0)) | D98: =IF($D$1=0,0,IFERROR(VALUE(SUBSTITUTE(SUBSTITUTE(SUBSTITUTE(INDEX(貼り付け!$A$1:$BZ$3001,97,$D$1)&"",",",""),"¥",""),"￥","")),0)) | E98: =IF($E$1=0,0,IFERROR(VALUE(SUBSTITUTE(SUBSTITUTE(SUBSTITUTE(INDEX(貼り付け!$A$1:$BZ$3001,97,$E$1)&"",",",""),"¥",""),"￥","")),0)) | F98: =IF($F$1=0,0,IFERROR(VALUE(SUBSTITUTE(SUBSTITUTE(SUBSTITUTE(INDEX(貼り付け!$A$1:$BZ$3001,97,$F$1)&"",",",""),"¥",""),"￥","")),0)) | G98: =IF(ISNUMBER(B98),YEAR(B98),"") | H98: =IF(ISNUMBER(B98),MONTH(B98),"") | I98: =IFERROR(IF($B$1=0,"",IF(ISNUMBER(INDEX(貼り付け!$A$1:$BZ$3001,97,$B$1)),"",SUBSTITUTE(SUBSTITUTE(SUBSTITUTE(SUBSTITUTE(TRIM(LEFT(INDEX(貼り付け!$A$1:$BZ$3001,97,$B$1)&"",FIND(" ",TRIM(INDEX(貼り付け!$A$1:$BZ$3001,97,$B$1)&"")&" ")-1)),"/","-"),"年","-"),"月","-"),"日",""))),"") | J98: =IFERROR(MID(I98,FIND("-",I98)+1,99),"")
B99: =IFERROR(IF($B$1=0,"",IF(INDEX(貼り付け!$A$1:$BZ$3001,98,$B$1)="","",IF(ISNUMBER(INDEX(貼り付け!$A$1:$BZ$3001,98,$B$1)),INT(INDEX(貼り付け!$A$1:$BZ$3001,98,$B$1)),DATE(VALUE(LEFT(I99,FIND("-",I99)-1)),VALUE(LEFT(J99,FIND("-",J99)-1)),VALUE(MID(J99,FIND("-",J99)+1,99)))))),"") | C99: =IF($C$1=0,0,IFERROR(VALUE(SUBSTITUTE(SUBSTITUTE(SUBSTITUTE(INDEX(貼り付け!$A$1:$BZ$3001,98,$C$1)&"",",",""),"¥",""),"￥","")),0)) | D99: =IF($D$1=0,0,IFERROR(VALUE(SUBSTITUTE(SUBSTITUTE(SUBSTITUTE(INDEX(貼り付け!$A$1:$BZ$3001,98,$D$1)&"",",",""),"¥",""),"￥","")),0)) | E99: =IF($E$1=0,0,IFERROR(VALUE(SUBSTITUTE(SUBSTITUTE(SUBSTITUTE(INDEX(貼り付け!$A$1:$BZ$3001,98,$E$1)&"",",",""),"¥",""),"￥","")),0)) | F99: =IF($F$1=0,0,IFERROR(VALUE(SUBSTITUTE(SUBSTITUTE(SUBSTITUTE(INDEX(貼り付け!$A$1:$BZ$3001,98,$F$1)&"",",",""),"¥",""),"￥","")),0)) | G99: =IF(ISNUMBER(B99),YEAR(B99),"") | H99: =IF(ISNUMBER(B99),MONTH(B99),"") | I99: =IFERROR(IF($B$1=0,"",IF(ISNUMBER(INDEX(貼り付け!$A$1:$BZ$3001,98,$B$1)),"",SUBSTITUTE(SUBSTITUTE(SUBSTITUTE(SUBSTITUTE(TRIM(LEFT(INDEX(貼り付け!$A$1:$BZ$3001,98,$B$1)&"",FIND(" ",TRIM(INDEX(貼り付け!$A$1:$BZ$3001,98,$B$1)&"")&" ")-1)),"/","-"),"年","-"),"月","-"),"日",""))),"") | J99: =IFERROR(MID(I99,FIND("-",I99)+1,99),"")
B100: =IFERROR(IF($B$1=0,"",IF(INDEX(貼り付け!$A$1:$BZ$3001,99,$B$1)="","",IF(ISNUMBER(INDEX(貼り付け!$A$1:$BZ$3001,99,$B$1)),INT(INDEX(貼り付け!$A$1:$BZ$3001,99,$B$1)),DATE(VALUE(LEFT(I100,FIND("-",I100)-1)),VALUE(LEFT(J100,FIND("-",J100)-1)),VALUE(MID(J100,FIND("-",J100)+1,99)))))),"") | C100: =IF($C$1=0,0,IFERROR(VALUE(SUBSTITUTE(SUBSTITUTE(SUBSTITUTE(INDEX(貼り付け!$A$1:$BZ$3001,99,$C$1)&"",",",""),"¥",""),"￥","")),0)) | D100: =IF($D$1=0,0,IFERROR(VALUE(SUBSTITUTE(SUBSTITUTE(SUBSTITUTE(INDEX(貼り付け!$A$1:$BZ$3001,99,$D$1)&"",",",""),"¥",""),"￥","")),0)) | E100: =IF($E$1=0,0,IFERROR(VALUE(SUBSTITUTE(SUBSTITUTE(SUBSTITUTE(INDEX(貼り付け!$A$1:$BZ$3001,99,$E$1)&"",",",""),"¥",""),"￥","")),0)) | F100: =IF($F$1=0,0,IFERROR(VALUE(SUBSTITUTE(SUBSTITUTE(SUBSTITUTE(INDEX(貼り付け!$A$1:$BZ$3001,99,$F$1)&"",",",""),"¥",""),"￥","")),0)) | G100: =IF(ISNUMBER(B100),YEAR(B100),"") | H100: =IF(ISNUMBER(B100),MONTH(B100),"") | I100: =IFERROR(IF($B$1=0,"",IF(ISNUMBER(INDEX(貼り付け!$A$1:$BZ$3001,99,$B$1)),"",SUBSTITUTE(SUBSTITUTE(SUBSTITUTE(SUBSTITUTE(TRIM(LEFT(INDEX(貼り付け!$A$1:$BZ$3001,99,$B$1)&"",FIND(" ",TRIM(INDEX(貼り付け!$A$1:$BZ$3001,99,$B$1)&"")&" ")-1)),"/","-"),"年","-"),"月","-"),"日",""))),"") | J100: =IFERROR(MID(I100,FIND("-",I100)+1,99),"")
...
